player_id,player_team,team_name,season,career_best_points,defence_touch_points,defending_bonus_points,empty_raid,green_cards,high_5s,location,match_played,name,not_out_percentage,point,points_defence_offence,points_per_match_raid_tackle,raid_bonus_points,raid_map_locations,raid_points_per_match,raid_touch_points,raids,red_cards,role,success_raids,success_tackles,success_tackles_per_match,super_10s,super_raids,super_tackles,tackle_bonus_points,tackles,total_capture_points,total_defending_points,total_raid_points,total_tackle_points,unsuccesful_tackles,unsuccess_raids,yellow_cards
105,0,U Mumba,1,15,1,0,56,0,0,,10,Shabeer Bappu,89.91,67,67,6.7,16,,6.6,50,119,0,,51,1,0.1,3,2,0,,13,,1,66,1,12,12,0
105,0,U Mumba,2,10,1,0,63,1,0,,10,Shabeer Bappu,79.83,47,47,4.7,5,,4.6,41,124,0,,36,1,0.1,1,2,0,,6,,1,46,1,5,25,0
105,0,U Mumba,3,4,0,0,37,0,0,,10,Shabeer Bappu,71.64,13,13,1.3,1,,1.3,12,67,0,,11,0,0,0,0,0,,4,,0,13,0,4,19,0
105,0,Jaipur Pink Panthers,4,10,11,5,72,0,1,,12,Shabeer Bappu,90,35,35,2.91,6,,2,18,100,0,,18,6,0.5,0,1,5,,19,,11,24,11,13,10,0
105,0,U Mumba,8,13,3,1,57,0,0,,12,Shabeer Bappu,80.55,38,38,3.16,6,,2.91,29,108,0,,30,2,0.16,1,0,1,,14,,3,35,3,12,21,1
105,0,Dabang Delhi K.C.,26,5,0,0,11,0,0,,6,Shabeer Bappu,65.38,7,7,1.16,2,,1.16,5,26,0,,6,0,0,0,0,0,,7,,0,7,0,7,9,0
105,0,Tamil Thalaivas,49,5,7,1,64,0,0,,14,Shabeer Bappu,87.09,29,29,2.07,9,,1.57,13,93,0,,17,6,0.42,0,0,1,,22,,7,22,7,16,12,0
106,0,Bengal Warriors,3,7,0,0,11,0,0,,5,Shrikant Jadhav,57.14,10,10,2,0,,2,10,35,0,,9,0,0,0,0,0,,1,,0,10,0,1,15,0
106,0,Bengal Warriors,4,5,0,0,5,0,0,,5,Shrikant Jadhav,68.75,7,7,1.4,1,,1.4,6,16,0,,6,0,0,0,0,0,,3,,0,7,0,3,5,0
106,0,U Mumba,8,13,12,2,57,1,0,,19,Shrikant Jadhav,74.7,98,98,5.15,20,,4.52,66,170,0,,70,10,0.52,2,2,2,,22,,12,86,12,12,43,0
106,0,U.P. Yoddha,26,17,5,1,126,0,0,,25,Shrikant Jadhav,70.48,146,146,5.84,29,,5.64,112,332,0,,108,4,0.16,5,4,1,,11,,5,141,5,7,98,0
106,0,U.P. Yoddha,49,15,3,0,103,0,0,,18,Shrikant Jadhav,77.17,117,117,6.5,20,,6.33,94,241,0,,83,3,0.16,3,2,0,,8,,3,114,3,5,55,0
106,0,Jaipur Pink Panthers,2,0,0,0,0,0,0,0,0,Shrikant Jadhav,0,0,0,0,0,0,0,0,0,0,0,0,0,0,0,0,0,0,0,0,0,0,0,0,0,0
111,0,Telugu Titans,1,9,4,0,46,0,0,,14,Sukesh Hegde,81.53,83,83,5.92,8,,5.64,71,130,0,,60,4,0.28,0,3,0,,21,,4,79,4,17,24,0
111,0,Telugu Titans,2,9,2,0,67,0,0,,13,Sukesh Hegde,83.45,64,64,4.92,11,,4.76,51,133,0,,44,2,0.15,0,5,0,,13,,2,62,2,11,22,0
111,0,Telugu Titans,3,9,3,1,68,0,0,,13,Sukesh Hegde,80.13,64,64,4.92,10,,4.69,51,146,0,,49,2,0.15,0,0,1,,16,,3,61,3,14,29,0
111,0,Telugu Titans,4,3,0,0,25,0,0,,9,Sukesh Hegde,78.94,7,7,0.77,3,,0.77,4,38,0,,5,0,0,0,0,0,,7,,0,7,0,7,8,0
111,0,Gujarat Fortunegiants,8,15,2,0,148,3,0,,18,Sukesh Hegde,87.65,77,77,4.27,9,,4.16,66,235,0,,58,2,0.11,1,2,0,,13,,2,75,2,11,29,0
111,0,Tamil Thalaivas,26,9,3,1,94,1,0,,17,Sukesh Hegde,82.38,71,71,4.17,24,,4,44,176,0,,51,2,0.11,0,3,1,,19,,3,68,3,17,31,0
111,0,Bengal Warriors,49,8,1,0,38,0,0,,12,Sukesh Hegde,82.19,34,34,2.83,11,,2.75,22,73,0,,22,1,0.08,0,2,0,,4,,1,33,1,3,13,0
115,0,Telugu Titans,49,18,1,0,37,0,0,,12,Suraj Desai,69.9,45,45,3.75,16,,3.66,28,103,0,,35,1,0.08,1,1,0,,7,,1,44,1,6,31,0
115,0,Jaipur Pink Panthers,2,0,0,0,0,0,0,0,0,Suraj Desai,0,0,0,0,0,0,0,0,0,0,0,0,0,0,0,0,0,0,0,0,0,0,0,0,0,0
115,0,Dabang Delhi K.C.,8,0,0,0,0,0,0,0,0,Suraj Desai,0,0,0,0,0,0,0,0,0,0,0,0,0,0,0,0,0,0,0,0,0,0,0,0,0,0
12,0,Bengal Warriors,1,15,2,0,20,1,0,,11,Jang Kun Lee,71.08,57,57,5.18,9,,5,46,83,0,,39,2,0.18,2,5,0,,14,,2,55,2,12,24,0
12,0,Bengal Warriors,2,12,2,0,66,1,0,,14,Jang Kun Lee,72.85,50,50,3.57,12,,3.42,36,140,0,,36,2,0.14,1,3,0,,15,,2,48,2,13,38,0
12,0,Bengal Warriors,3,13,11,2,89,0,0,,15,Jang Kun Lee,83.15,90,90,6,15,,5.26,64,184,0,,64,9,0.6,2,2,2,,20,,11,79,11,11,31,0
12,0,Bengal Warriors,4,13,4,0,43,0,0,,11,Jang Kun Lee,76.66,65,65,5.9,14,,5.54,47,120,0,,49,4,0.36,2,2,0,,17,,4,61,4,13,28,0
12,0,Bengal Warriors,8,9,0,0,87,0,0,,21,Jang Kun Lee,78.77,89,89,4.23,30,,4.23,59,212,0,,80,0,0,0,0,0,,12,,0,89,0,12,45,0
12,0,Bengal Warriors,26,12,3,1,72,0,0,,18,Jang Kun Lee,77.77,82,82,4.55,25,,4.38,54,171,0,,61,2,0.11,2,2,1,,11,,3,79,3,9,38,0
12,0,Patna Pirates,49,8,1,0,53,0,0,,13,Jang Kun Lee,81.08,50,50,3.84,13,,3.76,36,111,0,,37,1,0.07,0,0,0,,10,,1,49,1,9,21,0
121,0,Patna Pirates,8,5,3,0,11,0,0,,13,Vikas Jaglan,76,13,13,1,5,,0.76,5,25,0,,8,3,0.23,0,1,0,,9,,3,10,3,6,6,0
121,0,Patna Pirates,26,9,16,0,20,2,0,,14,Vikas Jaglan,78.57,37,37,2.64,8,,1.5,13,42,0,,13,16,1.14,0,1,0,,37,,16,21,16,21,9,0
121,0,Patna Pirates,49,6,16,0,38,0,0,,19,Vikas Jaglan,80.35,28,28,1.47,6,,0.63,6,56,0,,7,16,0.84,0,0,0,,53,,16,12,16,37,11,0
123,0,U Mumba,1,5,20,1,0,0,1,,16,Vishal Mane,0,20,20,1.25,0,,0,0,0,0,,0,19,1.18,0,0,1,,65,,20,0,20,46,0,0
123,0,U Mumba,2,5,26,0,0,1,1,,14,Vishal Mane,0,26,26,1.85,0,,0,0,0,0,,0,26,1.85,0,0,0,,53,,26,0,26,27,0,0
123,0,U Mumba,3,3,16,0,0,0,0,,13,Vishal Mane,0,16,16,1.23,0,,0,0,0,0,,0,16,1.23,0,0,0,,35,,16,0,16,19,0,0
123,0,Bengal Warriors,4,6,31,3,0,1,2,,14,Vishal Mane,0,31,31,2.21,0,,0,0,1,0,,0,28,2,0,0,3,,66,,31,0,31,38,1,0
123,0,Patna Pirates,8,6,39,3,1,2,1,,26,Vishal Mane,100,39,39,1.5,0,,0,0,1,0,,0,36,1.38,0,0,3,,113,,39,0,39,77,0,1
123,0,Dabang Delhi K.C.,26,6,38,2,0,4,3,,22,Vishal Mane,0,38,38,1.72,0,,0,0,0,0,,0,36,1.63,0,0,2,,95,,38,0,38,59,0,0
123,0,Dabang Delhi K.C.,49,3,24,0,0,0,0,,19,Vishal Mane,0,24,24,1.26,0,,0,0,0,0,,0,24,1.26,0,0,0,,75,,24,0,24,51,0,0
142,0,Patna Pirates,1,14,27,6,72,2,2,,16,Sandeep Narwal,80.45,119,119,7.43,9,,5.75,83,174,0,,68,21,1.31,1,8,6,,41,,27,92,27,20,34,0
142,0,Patna Pirates,2,11,37,3,83,3,2,,16,Sandeep Narwal,81.5,83,83,5.18,5,,2.87,41,146,0,,36,34,2.12,0,1,3,,71,,37,46,37,37,27,0
142,0,Patna Pirates,3,11,55,2,46,1,6,,14,Sandeep Narwal,98.18,64,64,4.57,1,,0.64,8,55,0,,8,53,3.78,0,0,2,,95,,55,9,55,42,1,0
142,0,Telugu Titans,4,7,42,2,59,4,3,,16,Sandeep Narwal,89.77,66,66,4.12,4,,1.5,20,88,0,,20,40,2.5,0,0,2,,83,,42,24,42,43,9,2
142,0,Puneri Paltan,8,9,52,3,80,6,1,,21,Sandeep Narwal,93.16,85,85,4.04,2,,1.57,31,117,0,,29,49,2.33,0,1,3,,102,,52,33,52,53,8,2
142,0,Puneri Paltan,26,7,41,7,59,9,1,,18,Sandeep Narwal,87.2,66,66,3.66,10,,1.38,15,86,0,,16,34,1.88,0,1,7,,81,,41,25,41,47,11,1
142,0,U Mumba,49,6,42,5,32,4,1,,18,Sandeep Narwal,83.01,58,58,3.22,5,,0.88,11,53,0,,12,37,2.05,0,0,5,,72,,42,16,42,35,9,0
143,0,Jaipur Pink Panthers,1,13,7,1,30,0,0,,16,Maninder Singh,76,137,137,8.56,13,,8.12,117,175,0,,103,6,0.37,5,3,1,,19,,7,130,7,13,42,0
143,0,Bengal Warriors,8,17,2,0,147,0,0,,21,Maninder Singh,82.01,192,192,9.14,40,,9.04,150,367,0,,154,2,0.09,9,6,0,,13,,2,190,2,11,66,0
143,0,Bengal Warriors,26,17,0,0,141,0,0,,22,Maninder Singh,79.52,206,206,9.36,35,,9.36,171,376,0,,158,0,0,9,6,0,,5,,0,206,0,5,77,0
143,0,Bengal Warriors,49,19,0,0,90,0,0,,19,Maninder Singh,82.02,192,192,10.1,30,,10.1,162,306,0,,161,0,0,9,6,0,,7,,0,192,0,7,55,0
143,0,Jaipur Pink Panthers,2,0,0,0,0,0,0,0,0,Maninder Singh,0,0,0,0,0,0,0,0,0,0,0,0,0,0,0,0,0,0,0,0,0,0,0,0,0,0
15,0,Jaipur Pink Panthers,1,0,0,0,0,0,0,,2,Sanjay Shrestha,0,0,0,0,0,,0,0,0,0,,0,0,0,0,0,0,,0,,0,0,0,0,0,0
15,0,Jaipur Pink Panthers,2,0,0,0,0,0,0,0,0,Sanjay Shrestha,0,0,0,0,0,0,0,0,0,0,0,0,0,0,0,0,0,0,0,0,0,0,0,0,0,0
15,0,Jaipur Pink Panthers,3,0,0,0,0,0,0,0,0,Sanjay Shrestha,0,0,0,0,0,0,0,0,0,0,0,0,0,0,0,0,0,0,0,0,0,0,0,0,0,0
15,0,Bengaluru Bulls,4,0,0,0,0,0,0,0,0,Sanjay Shrestha,0,0,0,0,0,0,0,0,0,0,0,0,0,0,0,0,0,0,0,0,0,0,0,0,0,0
15,0,Bengaluru Bulls,8,0,0,0,0,0,0,0,0,Sanjay Shrestha,0,0,0,0,0,0,0,0,0,0,0,0,0,0,0,0,0,0,0,0,0,0,0,0,0,0
15,0,Puneri Paltan,26,0,0,0,0,0,0,0,0,Sanjay Shrestha,0,0,0,0,0,0,0,0,0,0,0,0,0,0,0,0,0,0,0,0,0,0,0,0,0,0
15,0,Bengaluru Bulls,49,0,0,0,0,0,0,0,0,Sanjay Shrestha,0,0,0,0,0,0,0,0,0,0,0,0,0,0,0,0,0,0,0,0,0,0,0,0,0,0
155,0,Telugu Titans,1,2,0,0,5,0,0,,7,Prashanth Kumar Rai,76.92,5,5,0.71,1,,0.71,4,13,0,,5,0,0,0,0,0,,8,,0,5,0,8,3,0
155,0,Telugu Titans,2,10,4,1,45,0,0,,15,Prashanth Kumar Rai,82.07,58,58,3.86,8,,3.6,46,106,0,,42,3,0.2,1,1,1,,10,,4,54,4,7,19,0
155,0,Telugu Titans,3,3,0,0,16,0,0,,13,Prashanth Kumar Rai,68.57,12,12,0.92,3,,0.92,9,35,0,,8,0,0,0,0,0,,4,,0,12,0,4,11,0
155,0,Dabang Delhi K.C.,4,10,0,0,18,0,0,,9,Prashanth Kumar Rai,76.92,19,19,2.11,3,,2.11,16,39,0,,12,0,0,1,2,0,,0,,0,19,0,0,9,0
155,0,Haryana Steelers,8,16,2,1,61,0,0,,16,Prashanth Kumar Rai,82.55,80,80,5,15,,4.87,63,149,0,,62,1,0.06,3,3,1,,10,,2,78,2,9,26,0
155,0,U.P. Yoddha,26,13,3,1,102,1,0,,21,Prashanth Kumar Rai,81.99,147,147,7,58,,6.85,86,261,0,,112,2,0.09,5,2,1,,9,,3,144,3,7,47,0
155,0,Haryana Steelers,49,10,0,0,31,0,0,,13,Prashanth Kumar Rai,76.76,58,58,4.46,12,,4.46,46,99,0,,45,0,0,1,0,0,,5,,0,58,0,5,23,0
156,0,U Mumba,1,14,1,0,31,0,0,,10,Pawan Kumar Kadian,72.41,44,44,4.4,12,,4.3,31,87,0,,32,1,0.1,1,0,0,,7,,1,43,1,6,24,0
156,0,U Mumba,2,7,0,0,17,0,0,,10,Pawan Kumar Kadian,61.9,16,16,1.6,6,,1.6,10,42,0,,9,0,0,0,1,0,,1,,0,16,0,1,16,0
156,0,U Mumba,3,3,0,0,16,1,0,,5,Pawan Kumar Kadian,80,6,6,1.2,0,,1.2,6,25,0,,4,0,0,0,0,0,,2,,0,6,0,2,5,0
156,0,Bengaluru Bulls,4,6,1,0,35,0,0,,9,Pawan Kumar Kadian,75.75,21,21,2.33,7,,2.22,13,66,0,,15,1,0.11,0,0,0,,7,,1,20,1,6,16,0
156,0,Jaipur Pink Panthers,8,17,0,0,120,1,0,,21,Pawan Kumar Kadian,75.7,122,122,5.8,13,,5.8,109,284,0,,95,0,0,3,2,0,,13,,0,122,0,13,69,0
156,0,Dabang Delhi K.C.,26,9,0,0,40,0,0,,13,Pawan Kumar Kadian,80,45,45,3.46,12,,3.46,33,90,0,,32,0,0,0,1,0,,5,,0,45,0,5,18,0
156,0,Puneri Paltan,49,10,0,0,28,0,0,,6,Pawan Kumar Kadian,79.66,25,25,4.16,8,,4.16,17,59,0,,19,0,0,1,0,0,,2,,0,25,0,2,12,0
157,0,Dabang Delhi K.C.,1,7,29,0,0,1,3,,9,Ravinder Pahal,0,29,29,3.22,0,,0,0,0,0,,0,29,3.22,0,0,0,,64,,29,0,29,35,0,0
157,0,Dabang Delhi K.C.,2,9,60,7,11,4,5,,14,Ravinder Pahal,82.35,64,64,4.57,3,,0.28,1,17,0,,3,53,3.78,0,0,7,,96,,60,4,60,43,3,0
157,0,Dabang Delhi K.C.,3,9,26,4,26,1,2,,11,Ravinder Pahal,88.23,34,34,3.09,3,,0.72,5,34,0,,4,22,2,0,0,4,,58,,26,8,26,36,4,0
157,0,Puneri Paltan,4,6,37,2,0,1,3,,14,Ravinder Pahal,0,37,37,2.64,0,,0,0,0,0,,0,35,2.5,0,0,2,,72,,37,0,37,37,0,0
157,0,Bengaluru Bulls,8,7,52,3,4,0,3,,19,Ravinder Pahal,83.33,54,54,2.84,1,,0.1,1,6,1,,1,49,2.57,0,0,3,,104,,52,2,52,55,1,0
157,0,Dabang Delhi K.C.,26,6,59,3,0,2,4,,22,Ravinder Pahal,0,59,59,2.68,0,,0,0,0,0,,0,56,2.54,0,0,3,,125,,59,0,59,69,0,0
157,0,Dabang Delhi K.C.,49,8,55,0,1,2,3,,19,Ravinder Pahal,100,55,55,2.89,0,,0,0,1,0,,0,55,2.89,0,0,0,,123,,55,0,55,68,0,0
160,0,Jaipur Pink Panthers,1,8,25,2,6,0,1,,10,Ran Singh,68.75,36,36,3.6,5,,1.1,6,16,0,,5,23,2.3,0,1,2,,41,,25,11,25,18,5,0
160,0,Jaipur Pink Panthers,2,9,31,4,20,0,1,,14,Ran Singh,85.71,44,44,3.14,5,,0.92,8,35,0,,10,27,1.92,0,0,4,,53,,31,13,31,26,5,0
160,0,Jaipur Pink Panthers,3,5,21,0,28,0,0,,14,Ran Singh,75.43,41,41,2.92,6,,1.42,14,57,0,,15,21,1.5,0,2,0,,52,,21,20,21,31,14,0
160,0,Jaipur Pink Panthers,4,4,28,1,5,0,0,,16,Ran Singh,100,33,33,2.06,2,,0.31,3,9,0,,4,27,1.68,0,0,1,,62,,28,5,28,35,0,0
160,0,Bengal Warriors,8,7,52,3,12,1,2,,23,Ran Singh,81.48,64,64,2.78,8,,0.52,4,27,0,,10,49,2.13,0,0,3,,112,,52,12,52,63,5,0
160,0,Bengal Warriors,26,7,42,1,37,2,0,,22,Ran Singh,83.33,71,71,3.22,8,,1.31,21,72,0,,23,41,1.86,0,1,1,,88,,42,29,42,47,12,0
160,0,Tamil Thalaivas,49,4,28,1,5,0,0,,18,Ran Singh,71.42,37,37,2.05,5,,0.5,4,14,0,,5,27,1.5,0,0,1,,65,,28,9,28,38,4,0
161,0,Patna Pirates,1,6,23,1,3,2,1,,12,Girish Maruti Ernak,83.33,25,25,2.08,1,,0.16,1,6,0,,2,22,1.83,0,0,1,,70,,23,2,23,48,1,0
161,0,Patna Pirates,2,5,27,1,5,1,1,,13,Girish Maruti Ernak,100,27,27,2.07,0,,0,0,5,0,,0,26,2,0,0,1,,66,,27,0,27,40,0,0
161,0,Bengal Warriors,3,5,33,0,16,1,3,,11,Girish Maruti Ernak,94.11,34,34,3.09,1,,0.09,0,17,0,,0,33,3,0,0,0,,65,,33,1,33,32,1,0
161,0,Bengal Warriors,4,5,25,2,13,0,1,,12,Girish Maruti Ernak,100,25,25,2.08,0,,0,0,13,0,,0,23,1.91,0,0,2,,58,,25,0,25,35,0,0
161,0,Puneri Paltan,8,8,64,3,15,2,5,,21,Girish Maruti Ernak,88.88,69,69,3.28,3,,0.23,2,18,0,,1,61,2.9,0,1,3,,111,,64,5,64,50,2,0
161,0,Puneri Paltan,26,6,56,4,7,3,4,,20,Girish Maruti Ernak,87.5,57,57,2.85,1,,0.05,0,8,0,,0,52,2.6,0,0,4,,113,,56,1,56,61,1,0
161,0,Puneri Paltan,49,6,31,3,0,0,1,,15,Girish Maruti Ernak,0,32,32,2.13,1,,0.06,0,1,0,,0,28,1.86,0,0,3,,78,,31,1,31,50,1,0
172,0,Bengaluru Bulls,2,0,0,0,1,0,0,,2,Vinoth Kumar,33.33,0,0,0,0,,0,0,3,0,,0,0,0,0,0,0,,0,,0,0,0,0,2,0
172,0,Bengaluru Bulls,3,5,0,0,12,0,0,,7,Vinoth Kumar,62.5,16,16,2.28,4,,2.28,12,40,0,,13,0,0,0,0,0,,2,,0,16,0,2,15,0
172,0,Telugu Titans,4,4,0,0,7,0,0,,3,Vinoth Kumar,58.33,8,8,2.66,0,,2.66,8,24,0,,7,0,0,0,0,0,,1,,0,8,0,1,10,0
172,0,Telugu Titans,8,4,0,0,14,0,0,,4,Vinoth Kumar,82.6,6,6,1.5,3,,1.5,3,23,0,,5,0,0,0,0,0,,2,,0,6,0,2,4,0
172,0,U Mumba,49,0,0,0,2,0,0,,1,Vinoth Kumar,50,0,0,0,0,,0,0,4,0,,0,0,0,0,0,0,,1,,0,0,0,1,2,0
172,0,Bengaluru Bulls,1,0,0,0,0,0,0,0,0,Vinoth Kumar,0,0,0,0,0,0,0,0,0,0,0,0,0,0,0,0,0,0,0,0,0,0,0,0,0,0
172,0,Telugu Titans,26,0,0,0,0,0,0,0,0,Vinoth Kumar,0,0,0,0,0,0,0,0,0,0,0,0,0,0,0,0,0,0,0,0,0,0,0,0,0,0
179,0,Bengal Warriors,2,5,9,3,4,0,1,,8,Vikas Kale,100,9,9,1.12,0,,0,0,4,0,,0,6,0.75,0,0,3,,24,,9,0,9,18,0,0
179,0,Telugu Titans,3,3,12,0,0,0,0,,9,Vikas Kale,0,12,12,1.33,0,,0,0,0,0,,0,12,1.33,0,0,0,,34,,12,0,12,22,0,0
179,0,Gujarat Fortunegiants,8,0,0,0,0,0,0,,2,Vikas Kale,0,0,0,0,0,,0,0,0,0,,0,0,0,0,0,0,,1,,0,0,0,1,0,0
179,0,Patna Pirates,26,5,39,3,4,0,1,,22,Vikas Kale,100,39,39,1.77,0,,0,0,4,0,,0,36,1.63,0,0,3,,118,,39,0,39,82,0,0
179,0,Haryana Steelers,49,6,38,2,2,0,2,,18,Vikas Kale,66.66,38,38,2.11,0,,0,0,3,0,,0,36,2,0,0,2,,98,,38,0,38,62,1,0
179,0,U Mumba,4,0,0,0,0,0,0,0,0,Vikas Kale,0,0,0,0,0,0,0,0,0,0,0,0,0,0,0,0,0,0,0,0,0,0,0,0,0,0
191,0,Jaipur Pink Panthers,2,3,11,1,0,0,0,,8,C. Arun,0,11,11,1.37,0,,0,0,0,0,,0,10,1.25,0,0,1,,23,,11,0,11,13,0,0
191,0,Jaipur Pink Panthers,3,7,17,5,6,0,1,,11,C. Arun,77.77,18,18,1.63,0,,0.09,1,9,0,,1,12,1.09,0,0,5,,35,,17,1,17,23,2,0
191,0,Bengal Warriors,4,3,15,1,2,0,0,,14,C. Arun,100,15,15,1.07,0,,0,0,2,0,,0,14,1,0,0,1,,40,,15,0,15,26,0,0
191,0,Tamil Thalaivas,8,8,35,5,15,0,1,,20,C. Arun,93.75,36,36,1.8,1,,0.05,0,16,0,,0,30,1.5,0,0,5,,83,,35,1,35,53,1,0
191,0,Tamil Thalaivas,26,2,8,0,3,0,0,,16,C. Arun,100,8,8,0.5,0,,0,0,3,0,,0,8,0.5,0,0,0,,36,,8,0,8,28,0,0
191,0,Telugu Titans,49,6,21,3,2,0,1,,18,C. Arun,100,23,23,1.27,1,,0.11,1,3,0,,1,18,1,0,0,3,,59,,21,2,21,41,0,0
194,0,Bengaluru Bulls,2,4,30,0,0,3,0,,14,Joginder Singh Narwal,0,30,30,2.14,0,,0,0,0,0,,0,30,2.14,0,0,0,,58,,30,0,30,28,0,0
194,0,Puneri Paltan,4,6,34,2,3,1,0,,16,Joginder Singh Narwal,100,38,38,2.37,1,,0.25,3,6,0,,3,32,2,0,0,2,,69,,34,4,34,37,0,2
194,0,U Mumba,8,3,9,0,0,0,0,,8,Joginder Singh Narwal,0,9,9,1.12,0,,0,0,0,0,,0,9,1.12,0,0,0,,24,,9,0,9,15,0,0
194,0,Dabang Delhi K.C.,26,5,51,4,0,5,1,,22,Joginder Singh Narwal,0,51,51,2.31,0,,0,0,0,0,,0,47,2.13,0,0,4,,111,,51,0,51,64,0,0
194,0,Dabang Delhi K.C.,49,6,45,4,0,0,1,,19,Joginder Singh Narwal,0,45,45,2.36,0,,0,0,0,0,,0,41,2.15,0,0,4,,88,,45,0,45,47,0,0
194,0,Bengaluru Bulls,3,0,0,0,0,0,0,0,0,Joginder Singh Narwal,0,0,0,0,0,0,0,0,0,0,0,0,0,0,0,0,0,0,0,0,0,0,0,0,0,0
197,0,Bengaluru Bulls,2,4,0,0,19,1,0,,6,Pardeep Narwal,68.42,9,9,1.5,0,,1.5,9,38,0,,7,0,0,0,1,0,,2,,0,9,0,2,12,0
197,0,Patna Pirates,3,24,5,0,59,0,0,,16,Pardeep Narwal,75.93,121,121,7.56,9,,7.25,107,187,0,,83,5,0.31,5,10,0,,13,,5,116,5,8,45,0
197,0,Patna Pirates,4,18,2,1,100,0,0,,16,Pardeep Narwal,76.04,133,133,8.31,10,,8.18,121,263,0,,100,1,0.06,5,3,1,,6,,2,131,2,5,63,0
197,0,Patna Pirates,8,34,0,0,202,3,0,,26,Pardeep Narwal,80.71,369,369,14.19,60,,14.19,309,586,0,,271,0,0,19,18,0,,10,,0,369,0,10,113,0
197,0,Patna Pirates,26,27,0,0,113,0,0,,21,Pardeep Narwal,76.21,233,233,11.09,29,,11.09,204,391,0,,185,0,0,15,6,0,,1,,0,233,0,1,93,0
197,0,Patna Pirates,49,26,0,0,98,2,0,,19,Pardeep Narwal,75.19,243,243,12.78,28,,12.78,215,383,0,,190,0,0,13,12,0,,2,,0,243,0,2,95,0
202,0,Bengaluru Bulls,2,4,3,1,7,1,0,,5,Ashish Kumar,90,5,5,1,0,,0.4,2,10,0,,2,2,0.4,0,0,1,,10,,3,2,3,8,1,0
202,0,Bengaluru Bulls,3,7,25,0,11,0,1,,13,Ashish Kumar,84.21,32,32,2.46,5,,0.53,2,19,0,,5,25,1.92,0,0,0,,61,,25,7,25,36,3,0
202,0,Bengaluru Bulls,4,7,23,6,28,0,1,,14,Ashish Kumar,81.25,37,37,2.64,6,,1,8,48,0,,11,17,1.21,0,0,6,,44,,23,14,23,27,9,0
202,0,Bengaluru Bulls,8,6,15,1,37,0,1,,20,Ashish Kumar,75.71,32,32,1.6,8,,0.85,9,70,0,,16,14,0.7,0,0,1,,49,,15,17,15,35,17,0
202,0,Bengaluru Bulls,26,7,40,3,22,0,1,,24,Ashish Kumar,92.59,45,45,1.87,3,,0.2,2,27,0,,3,37,1.54,0,0,3,,87,,40,5,40,50,2,0
202,0,Bengaluru Bulls,49,4,5,2,9,0,0,,7,Ashish Kumar,75,6,6,0.85,1,,0.14,0,12,0,,0,3,0.42,0,0,2,,19,,5,1,5,16,3,0
2020,0,U.P. Yoddha,26,2,6,1,0,2,0,,14,Amit,0,6,6,0.42,0,,0,0,0,0,,0,5,0.35,0,0,1,,31,,6,0,6,26,0,0
2020,0,U.P. Yoddha,49,4,23,2,13,0,0,,18,Amit,100,25,25,1.38,0,,0.11,2,14,0,,1,21,1.16,0,0,2,,64,,23,2,23,43,0,0
2023,0,Gujarat Fortunegiants,26,5,47,3,3,2,1,,23,Ruturaj Shivaji Koravi,100,47,47,2.04,0,,0,0,3,0,,0,44,1.91,0,0,3,,121,,47,0,47,77,0,0
2023,0,Gujarat Fortunegiants,49,3,15,0,0,0,0,,15,Ruturaj Shivaji Koravi,0,15,15,1,0,,0,0,0,0,,0,15,1,0,0,0,,48,,15,0,15,33,0,0
2024,0,U Mumba,26,4,0,0,5,0,0,,3,Arjun Deshwal,72.72,4,4,1.33,0,,1.33,4,11,0,,3,0,0,0,0,0,,0,,0,4,0,0,3,0
2024,0,U Mumba,49,15,2,0,55,1,0,,16,Arjun Deshwal,75.67,78,78,4.87,11,,4.75,65,148,0,,57,2,0.12,2,2,0,,5,,2,76,2,3,36,0
2025,0,U Mumba,49,1,0,0,2,0,0,,2,Ajinkya Rohidas Kapre,60,1,1,0.5,1,,0.5,0,5,0,,1,0,0,0,0,0,,1,,0,1,0,1,2,0
2026,0,U Mumba,26,19,3,0,80,0,0,,21,Siddharth Sirish Desai,77.57,221,221,10.52,36,,10.38,182,321,0,,169,3,0.14,12,10,0,,9,,3,218,3,6,72,0
2026,0,Telugu Titans,49,23,3,0,55,0,0,,18,Siddharth Sirish Desai,72.79,177,177,9.83,42,,9.66,132,272,0,,143,3,0.16,7,6,0,,6,,3,174,3,3,74,0
2028,0,U Mumba,26,13,6,0,58,1,0,,15,Abhishek Singh,82.05,53,53,3.53,2,,3.13,45,117,0,,38,6,0.4,2,1,0,,19,,6,47,6,13,21,0
2028,0,U Mumba,49,13,1,0,98,0,0,,16,Abhishek Singh,81.62,109,109,6.81,10,,6.75,98,234,0,,93,1,0.06,6,2,0,,12,,1,108,1,11,43,0
204,0,Bengaluru Bulls,2,5,0,0,23,0,0,,11,Rakesh Narwal,77.08,21,21,1.9,4,,1.9,17,48,0,,14,0,0,0,2,0,,6,,0,21,0,6,11,0
204,0,Patna Pirates,3,0,0,0,3,0,0,,1,Rakesh Narwal,75,0,0,0,0,,0,0,4,0,,0,0,0,0,0,0,,1,,0,0,0,1,1,0
204,0,Gujarat Fortunegiants,8,6,1,0,33,0,0,,6,Rakesh Narwal,85.71,18,18,3,1,,2.83,16,56,0,,15,1,0.16,0,1,0,,3,,1,17,1,2,8,0
204,0,Bengal Warriors,26,3,1,0,5,0,0,,6,Rakesh Narwal,58.82,10,10,1.66,3,,1.5,6,17,0,,5,1,0.16,0,1,0,,3,,1,9,1,2,7,0
204,0,Bengal Warriors,49,3,0,0,0,0,0,,1,Rakesh Narwal,50,3,3,3,2,,3,1,2,0,,1,0,0,0,0,0,,0,,0,3,0,0,1,0
2041,0,U.P. Yoddha,49,2,2,0,0,0,0,,2,Gurdeep,0,2,2,1,0,,0,0,0,0,,0,2,1,0,0,0,,3,,2,0,2,1,0,0
211,0,Patna Pirates,2,10,4,0,59,0,0,,16,Deepak Narwal,70.74,61,61,3.81,15,,3.56,42,147,0,,45,4,0.25,0,1,0,,14,,4,57,4,10,43,0
211,0,Patna Pirates,3,15,2,1,27,0,0,,9,Deepak Narwal,82.75,33,33,3.66,12,,3.44,19,58,0,,21,1,0.11,1,0,1,,5,,2,31,2,4,10,0
211,0,Dabang Delhi K.C.,4,5,0,0,29,0,0,,6,Deepak Narwal,68.51,13,13,2.16,5,,2.16,8,54,0,,8,0,0,0,1,0,,1,,0,13,0,1,17,0
211,0,Bengal Warriors,8,11,2,0,74,2,0,,16,Deepak Narwal,77.54,87,87,5.43,22,,5.31,63,187,0,,71,2,0.12,4,1,0,,10,,2,85,2,8,42,1
211,0,Patna Pirates,26,13,4,0,50,0,0,,17,Deepak Narwal,75,74,74,4.35,37,,4.11,33,140,0,,55,4,0.23,3,1,0,,9,,4,70,4,5,35,0
211,0,Jaipur Pink Panthers,49,11,1,0,62,1,0,,17,Deepak Narwal,72.1,56,56,3.29,14,,3.23,41,147,0,,44,1,0.05,1,0,0,,7,,1,55,1,6,41,0
212,0,Patna Pirates,2,5,21,1,26,0,0,,12,Amit Hooda,85.71,26,26,2.16,0,,0.41,5,35,0,,4,20,1.66,0,0,1,,41,,21,5,21,21,5,0
212,0,Patna Pirates,3,3,11,0,4,0,0,,4,Amit Hooda,100,11,11,2.75,0,,0,0,4,0,,0,11,2.75,0,0,0,,27,,11,0,11,16,0,0
212,0,Jaipur Pink Panthers,4,6,51,4,0,0,3,,16,Amit Hooda,0,53,53,3.31,2,,0.12,0,2,0,,0,47,2.93,0,0,4,,89,,51,2,51,42,2,1
212,0,Tamil Thalaivas,8,6,61,6,6,2,2,,22,Amit Hooda,85.71,61,61,2.77,0,,0,0,7,0,,0,55,2.5,0,0,6,,117,,61,0,61,62,1,0
212,0,Tamil Thalaivas,26,8,49,4,0,2,4,,18,Amit Hooda,0,51,51,2.83,2,,0.11,0,2,0,,0,45,2.5,0,0,4,,85,,49,2,49,40,2,0
212,0,Jaipur Pink Panthers,49,5,36,3,3,0,2,,14,Amit Hooda,75,37,37,2.64,1,,0.07,0,4,0,,0,33,2.35,0,0,3,,70,,36,1,36,37,1,0
214,0,Bengal Warriors,26,3,3,0,5,0,0,,2,Amit Kumar,85.71,4,4,2,0,,0.5,1,7,0,,1,3,1.5,0,0,0,,8,,3,1,3,5,1,0
214,0,Telugu Titans,49,3,10,2,42,0,0,,9,Amit Kumar,93.61,13,13,1.44,1,,0.33,2,47,0,,2,8,0.88,0,0,2,,21,,10,3,10,13,3,0
218,0,Bengaluru Bulls,8,5,6,0,5,1,1,,9,Sachin Kumar,71.42,7,7,0.77,1,,0.11,0,7,0,,0,6,0.66,0,0,0,,24,,6,1,6,18,2,0
218,0,U.P. Yoddha,26,7,43,4,54,1,2,,25,Sachin Kumar,84.26,68,68,2.72,1,,1,24,89,0,,21,39,1.56,0,0,4,,101,,43,25,43,62,14,1
218,0,U.P. Yoddha,49,2,4,1,13,0,0,,12,Sachin Kumar,92.85,4,4,0.33,0,,0,0,14,0,,0,3,0.25,0,0,1,,11,,4,0,4,8,1,0
218,0,Dabang Delhi K.C.,2,0,0,0,0,0,0,0,0,Sachin Kumar,0,0,0,0,0,0,0,0,0,0,0,0,0,0,0,0,0,0,0,0,0,0,0,0,0,0
218,0,Dabang Delhi K.C.,3,0,0,0,0,0,0,0,0,Sachin Kumar,0,0,0,0,0,0,0,0,0,0,0,0,0,0,0,0,0,0,0,0,0,0,0,0,0,0
219,0,U Mumba,2,3,2,0,7,0,0,,4,K. Prapanjan,71.42,7,7,1.75,1,,1.25,4,14,0,,3,2,0.5,0,0,0,,5,,2,5,2,3,4,0
219,0,U Mumba,3,1,0,0,0,0,0,,4,K. Prapanjan,16.66,2,2,0.5,1,,0.5,1,6,0,,1,0,0,0,0,0,,2,,0,2,0,2,5,0
219,0,Telugu Titans,4,3,0,0,19,0,0,,11,K. Prapanjan,69.04,12,12,1.09,1,,1.09,11,42,0,,10,0,0,0,0,0,,1,,0,12,0,1,13,0
219,0,Tamil Thalaivas,8,11,1,0,133,0,0,,22,K. Prapanjan,77.45,124,124,5.63,20,,5.59,103,306,0,,104,1,0.04,3,2,0,,17,,1,123,1,16,69,0
219,0,Gujarat Fortunegiants,26,12,1,0,104,0,0,,22,K. Prapanjan,78.03,123,123,5.59,20,,5.54,102,255,0,,95,1,0.04,4,1,0,,11,,1,122,1,10,56,0
219,0,Bengal Warriors,49,12,2,0,85,0,0,,18,K. Prapanjan,79.18,101,101,5.61,25,,5.5,74,197,0,,71,2,0.11,3,4,0,,14,,2,99,2,12,41,0
2257,0,Tamil Thalaivas,26,5,0,0,0,0,0,,3,Victor Onyango Obiero,57.14,6,6,2,2,,2,4,7,0,,4,0,0,0,0,0,,0,,0,6,0,0,3,0
2257,0,Tamil Thalaivas,49,5,2,1,2,0,0,,3,Victor Onyango Obiero,75,8,8,2.66,3,,2,3,8,0,,4,1,0.33,0,0,1,,5,,2,6,2,4,2,0
2262,0,U.P. Yoddha,26,2,0,0,0,0,0,,3,Md. Masud Karim,50,3,3,1,1,,1,2,4,0,,2,0,0,0,0,0,,0,,0,3,0,0,2,0
2262,0,U.P. Yoddha,49,0,0,0,0,0,0,0,0,Md. Masud Karim,0,0,0,0,0,0,0,0,0,0,0,0,0,0,0,0,0,0,0,0,0,0,0,0,0,0
2263,0,Jaipur Pink Panthers,49,0,0,0,0,0,0,,1,Milinda Chathuranga,0,0,0,0,0,,0,0,0,0,,0,0,0,0,0,0,,0,,0,0,0,0,0,0
2264,0,Bengal Warriors,49,0,0,0,0,0,0,0,0,Amir Santosh Dhumal,0,0,0,0,0,0,0,0,0,0,0,0,0,0,0,0,0,0,0,0,0,0,0,0,0,0
2268,0,Patna Pirates,49,0,0,0,1,0,0,,1,Naveen,33.33,0,0,0,0,,0,0,3,0,,0,0,0,0,0,0,,0,,0,0,0,0,2,0
2268,0,Patna Pirates,26,0,0,0,0,0,0,0,0,Naveen,0,0,0,0,0,0,0,0,0,0,0,0,0,0,0,0,0,0,0,0,0,0,0,0,0,0
2282,0,Tamil Thalaivas,49,2,0,0,3,0,0,,3,Yashwant Bishnoi,55.55,2,2,0.66,0,,0.66,2,9,0,,2,0,0,0,0,0,,2,,0,2,0,2,4,0
2282,0,Gujarat Fortunegiants,26,0,0,0,0,0,0,0,0,Yashwant Bishnoi,0,0,0,0,0,0,0,0,0,0,0,0,0,0,0,0,0,0,0,0,0,0,0,0,0,0
2286,0,U.P. Yoddha,49,8,8,1,74,0,0,,15,Surender Gill,75.65,62,62,4.13,6,,3.6,48,152,0,,41,7,0.46,0,1,1,,14,,8,54,8,7,37,0
2290,0,Telugu Titans,26,5,0,0,10,0,0,,4,Rajnish,69.23,9,9,2.25,3,,2.25,6,26,0,,8,0,0,0,0,0,,3,,0,9,0,3,8,0
2290,0,Telugu Titans,49,11,2,0,38,0,0,,10,Rajnish,77.52,45,45,4.5,16,,4.3,27,89,0,,31,2,0.2,2,1,0,,7,,2,43,2,5,20,0
2291,0,Puneri Paltan,26,5,0,0,18,0,0,,6,Amit Kumar,75.86,8,8,1.33,1,,1.33,7,29,0,,4,0,0,0,1,0,,3,,0,8,0,3,7,0
2291,0,Puneri Paltan,49,9,20,1,29,0,0,,13,Amit Kumar,66.12,37,37,2.84,6,,1.3,11,62,0,,12,19,1.46,0,0,1,,41,,20,17,20,22,21,0
2296,0,Dabang Delhi K.C.,26,15,5,1,100,0,0,,22,Naveen Kumar,79.47,177,177,8.04,41,,7.81,131,307,0,,144,4,0.18,8,3,1,,12,,5,172,5,8,63,0
2296,0,Dabang Delhi K.C.,49,19,2,0,129,0,0,,19,Naveen Kumar,85.49,243,243,12.78,54,,12.68,187,386,0,,201,2,0.1,18,2,0,,6,,2,241,2,4,56,0
2297,0,U.P. Yoddha,26,0,0,0,0,0,0,0,0,Arkam Shaikh,0,0,0,0,0,0,0,0,0,0,0,0,0,0,0,0,0,0,0,0,0,0,0,0,0,0
2297,0,U.P. Yoddha,49,0,0,0,0,0,0,0,0,Arkam Shaikh,0,0,0,0,0,0,0,0,0,0,0,0,0,0,0,0,0,0,0,0,0,0,0,0,0,0
2298,0,Telugu Titans,26,13,2,1,6,0,0,,4,Armaan,65.21,15,15,3.75,5,,3.25,8,23,0,,9,1,0.25,1,1,1,,1,,2,13,2,0,8,0
2298,0,Telugu Titans,49,4,0,0,13,0,0,,6,Armaan,59.37,9,9,1.5,1,,1.5,8,32,0,,6,0,0,0,1,0,,7,,0,9,0,7,13,0
2299,0,Telugu Titans,49,0,0,0,0,0,0,,2,Mula Siva Ganesh Reddy,0,0,0,0,0,,0,0,2,0,,0,0,0,0,0,0,,0,,0,0,0,0,2,0
2306,0,Gujarat Fortunegiants,26,5,4,1,2,0,0,,3,Lalit Chaudhary,42.85,7,7,2.33,2,,1,1,7,0,,1,3,1,0,0,1,,4,,4,3,4,1,4,0
2306,0,Gujarat Fortunegiants,49,3,3,1,4,0,0,,4,Lalit Chaudhary,45.45,5,5,1.25,0,,0.5,2,11,0,,1,2,0.5,0,0,1,,2,,3,2,3,0,6,0
2307,0,Telugu Titans,26,6,2,1,20,0,0,,8,Kamal Singh,77.14,15,15,1.87,7,,1.62,6,35,0,,7,1,0.12,0,0,1,,6,,2,13,2,5,8,0
2307,0,Telugu Titans,49,2,2,0,6,0,0,,3,Kamal Singh,75,2,2,0.66,0,,0,0,8,0,,0,2,0.66,0,0,0,,6,,2,0,2,4,2,0
2313,0,U Mumba,26,2,0,0,3,0,0,,3,Gaurav Kumar,50,2,2,0.66,0,,0.66,2,10,0,,2,0,0,0,0,0,,0,,0,2,0,0,5,0
2313,0,U Mumba,49,0,0,0,0,0,0,0,0,Gaurav Kumar,0,0,0,0,0,0,0,0,0,0,0,0,0,0,0,0,0,0,0,0,0,0,0,0,0,0
2316,0,U.P. Yoddha,26,8,2,0,19,2,0,,9,Azad Singh,68.75,23,23,2.55,8,,2.33,13,48,0,,14,2,0.22,0,1,0,,5,,2,21,2,3,15,0
2316,0,U.P. Yoddha,49,3,0,0,14,0,0,,4,Azad Singh,65.38,6,6,1.5,3,,1.5,3,26,0,,3,0,0,0,0,0,,1,,0,6,0,1,9,0
2318,0,Haryana Steelers,26,1,0,0,1,0,0,,2,Arun Kumar HN,40,1,1,0.5,0,,0.5,1,5,0,,1,0,0,0,0,0,,1,,0,1,0,1,3,0
2318,0,Haryana Steelers,49,2,0,0,0,0,0,,2,Arun Kumar HN,25,2,2,1,2,,1,0,4,0,,1,0,0,0,0,0,,0,,0,2,0,0,3,0
2320,0,U Mumba,26,0,0,0,0,0,0,0,0,Mohit Balyan,0,0,0,0,0,0,0,0,0,0,0,0,0,0,0,0,0,0,0,0,0,0,0,0,0,0
2320,0,U Mumba,49,0,0,0,0,0,0,0,0,Mohit Balyan,0,0,0,0,0,0,0,0,0,0,0,0,0,0,0,0,0,0,0,0,0,0,0,0,0,0
2321,0,U.P. Yoddha,49,4,1,0,0,0,0,,3,Ankush,66.66,7,7,2.33,2,,2,4,6,0,,4,1,0.33,0,0,0,,1,,1,6,1,0,2,0
2322,0,Telugu Titans,26,0,0,0,1,0,0,,1,Ankit Beniwal,33.33,0,0,0,0,,0,0,3,0,,0,0,0,0,0,0,,0,,0,0,0,0,2,0
2322,0,Telugu Titans,49,2,1,0,4,0,0,,6,Ankit Beniwal,52.94,8,8,1.33,2,,1.16,5,17,0,,5,1,0.16,0,0,0,,2,,1,7,1,1,8,0
2325,0,Tamil Thalaivas,26,8,0,0,6,0,0,,3,Anand,76.47,8,8,2.66,0,,2.66,8,17,0,,7,0,0,0,0,0,,0,,0,8,0,0,4,0
2325,0,Tamil Thalaivas,49,4,0,0,5,0,0,,5,Anand,61.53,6,6,1.2,1,,1.2,5,13,0,,3,0,0,0,1,0,,3,,0,6,0,3,5,0
2330,0,U.P. Yoddha,49,6,61,1,5,0,5,,18,Sumit,85.71,63,63,3.5,1,,0.11,1,7,0,,1,60,3.33,0,0,1,,111,,61,2,61,51,1,0
2334,0,U Mumba,49,0,0,0,0,0,0,,6,Harsh Vardhan,0,0,0,0,0,,0,0,0,0,,0,0,0,0,0,0,,2,,0,0,0,2,0,0
234,0,Puneri Paltan,2,6,3,0,6,0,0,,2,Surender Singh,62.5,8,8,4,3,,2.5,2,16,0,,4,3,1.5,0,0,0,,6,,3,5,3,3,6,0
234,0,Puneri Paltan,3,9,1,0,45,1,0,,12,Surender Singh,74.52,45,45,3.75,18,,3.66,26,106,0,,34,1,0.08,0,2,0,,11,,1,44,1,10,27,0
234,0,U Mumba,4,3,2,0,18,0,0,,11,Surender Singh,58.13,11,11,1,5,,0.81,4,43,0,,7,2,0.18,0,0,0,,8,,2,9,2,6,18,0
234,0,U.P. Yoddha,8,11,2,0,49,0,0,,18,Surender Singh,73.28,70,70,3.88,27,,3.77,41,131,0,,47,2,0.11,2,2,0,,23,,2,68,2,21,35,0
234,0,Patna Pirates,26,0,0,0,0,0,0,,1,Surender Singh,0,0,0,0,0,,0,0,1,0,,0,0,0,0,0,0,,1,,0,0,0,1,1,0
234,0,U.P. Yoddha,49,5,1,0,7,0,0,,4,Surender Singh,52.17,11,11,2.75,6,,2.5,4,23,0,,5,1,0.25,0,0,0,,4,,1,10,1,3,11,0
2345,0,U Mumba,26,0,0,0,2,0,0,,1,Anil,100,0,0,0,0,,0,0,2,0,,0,0,0,0,0,0,,0,,0,0,0,0,0,0
2345,0,U Mumba,49,0,0,0,0,0,0,0,0,Anil,0,0,0,0,0,0,0,0,0,0,0,0,0,0,0,0,0,0,0,0,0,0,0,0,0,0
2346,0,Patna Pirates,49,0,0,0,0,0,0,0,0,Mahendra Choudhary,0,0,0,0,0,0,0,0,0,0,0,0,0,0,0,0,0,0,0,0,0,0,0,0,0,0
2351,0,Gujarat Fortunegiants,26,1,1,0,0,0,0,,1,Vikram Kandola,0,1,1,1,0,,0,0,0,0,,0,1,1,0,0,0,,6,,1,0,1,5,0,0
2351,0,Haryana Steelers,49,0,0,0,1,0,0,,2,Vikram Kandola,100,0,0,0,0,,0,0,1,0,,0,0,0,0,0,0,,3,,0,0,0,3,0,0
2353,0,Bengaluru Bulls,26,2,4,0,0,0,0,,7,Ajay,0,4,4,0.57,0,,0,0,0,0,,0,4,0.57,0,0,0,,14,,4,0,4,10,0,0
2353,0,Bengaluru Bulls,49,2,2,0,3,0,0,,9,Ajay,100,4,4,0.44,1,,0.22,1,4,0,,1,2,0.22,0,0,0,,19,,2,2,2,17,0,0
2357,0,Haryana Steelers,26,17,14,2,78,3,0,,21,Naveen,77.2,102,102,4.85,17,,4.19,71,193,0,,71,12,0.57,1,4,2,,43,,14,88,14,31,44,0
2357,0,Haryana Steelers,49,14,2,0,39,1,0,,14,Naveen,71.92,58,58,4.14,16,,4,40,114,0,,43,2,0.14,1,1,0,,8,,2,56,2,6,32,0
2372,0,Haryana Steelers,49,0,0,0,0,0,0,0,0,Amirhossein Mohammad Maleki,0,0,0,0,0,0,0,0,0,0,0,0,0,0,0,0,0,0,0,0,0,0,0,0,0,0
2376,0,Puneri Paltan,49,7,0,0,1,0,0,,2,Emad Sedaghatnia,54.54,8,8,4,3,,4,5,11,0,,5,0,0,0,0,0,,3,,0,8,0,3,5,0
240,0,Puneri Paltan,2,8,37,4,19,0,3,,13,Ravi Kumar,86.36,37,37,2.84,0,,0,0,22,0,,0,33,2.53,0,0,4,,61,,37,0,37,28,3,0
240,0,Puneri Paltan,3,2,9,1,0,0,0,,12,Ravi Kumar,0,9,9,0.75,0,,0,0,1,0,,0,8,0.66,0,0,1,,24,,9,0,9,16,1,0
240,0,Bengal Warriors,4,0,0,0,5,0,0,,5,Ravi Kumar,100,0,0,0,0,,0,0,5,0,,0,0,0,0,0,0,,9,,0,0,0,9,0,0
240,0,Puneri Paltan,8,4,30,2,2,1,0,,23,Ravi Kumar,100,30,30,1.3,0,,0,0,2,0,,0,28,1.21,0,0,2,,68,,30,0,30,40,0,0
240,0,Puneri Paltan,26,6,40,7,2,0,2,,22,Ravi Kumar,100,40,40,1.81,0,,0,0,2,0,,0,33,1.5,0,0,7,,96,,40,0,40,63,0,0
240,0,Haryana Steelers,49,6,40,5,11,0,3,,17,Ravi Kumar,100,40,40,2.35,0,,0,0,11,0,,0,35,2.05,0,0,5,,82,,40,0,40,47,0,0
2423,0,Tamil Thalaivas,49,0,0,0,0,0,0,0,0,Mohammad Arif Robbani,0,0,0,0,0,0,0,0,0,0,0,0,0,0,0,0,0,0,0,0,0,0,0,0,0,0
2462,0,Haryana Steelers,26,5,41,0,3,3,2,,22,Sunil,100,41,41,1.86,0,,0,0,3,0,,0,41,1.86,0,0,0,,122,,41,0,41,81,0,0
2462,0,Haryana Steelers,49,6,46,1,0,1,3,,17,Sunil,0,46,46,2.7,0,,0,0,0,0,,0,45,2.64,0,0,1,,101,,46,0,46,56,0,0
2463,0,Haryana Steelers,26,6,25,5,5,1,1,,19,Parveen,85.71,28,28,1.47,2,,0.15,1,7,0,,1,20,1.05,0,0,5,,60,,25,3,25,40,1,0
2463,0,Haryana Steelers,49,4,4,1,0,0,0,,6,Parveen,0,4,4,0.66,0,,0,0,0,0,,0,3,0.5,0,0,1,,15,,4,0,4,12,0,0
2470,0,Bengal Warriors,26,4,12,3,0,0,0,,10,Adarsh T,100,14,14,1.4,0,,0.2,2,1,0,,1,9,0.9,0,0,3,,23,,12,2,12,14,0,0
2470,0,Bengal Warriors,49,2,3,0,0,0,0,,9,Adarsh T,0,3,3,0.33,0,,0,0,0,0,,0,3,0.33,0,0,0,,9,,3,0,3,6,0,0
2471,0,Bengaluru Bulls,26,1,3,0,2,0,0,,6,Ankit,100,3,3,0.5,0,,0,0,2,0,,0,3,0.5,0,0,0,,11,,3,0,3,8,0,0
2471,0,Bengaluru Bulls,49,3,6,1,8,0,0,,7,Ankit,88.88,6,6,0.85,0,,0,0,9,0,,0,5,0.71,0,0,1,,21,,6,0,6,16,1,0
2473,0,Dabang Delhi K.C.,26,0,0,0,1,0,0,,1,Sumit Kumar,100,0,0,0,0,,0,0,1,0,,0,0,0,0,0,0,,1,,0,0,0,1,0,0
2473,0,Dabang Delhi K.C.,49,0,0,0,0,0,0,0,0,Sumit Kumar,0,0,0,0,0,0,0,0,0,0,0,0,0,0,0,0,0,0,0,0,0,0,0,0,0,0
2474,0,Dabang Delhi K.C.,26,0,0,0,1,0,0,,1,Aman Kadian,33.33,0,0,0,0,,0,0,3,0,,0,0,0,0,0,0,,0,,0,0,0,0,2,0
2474,0,Dabang Delhi K.C.,49,2,1,0,2,0,0,,3,Aman Kadian,66.66,4,4,1.33,1,,1,2,6,0,,2,1,0.33,0,0,0,,2,,1,3,1,1,2,0
2475,0,Jaipur Pink Panthers,26,9,4,1,63,0,0,,17,Ajinkya Ashok Pawar,73.61,75,75,4.41,9,,4.17,62,163,0,,57,3,0.17,0,1,1,,13,,4,71,4,10,43,0
2475,0,Jaipur Pink Panthers,49,5,0,0,25,0,0,,14,Ajinkya Ashok Pawar,62.12,19,19,1.35,3,,1.35,16,66,0,,16,0,0,0,0,0,,2,,0,19,0,2,25,0
2478,0,Patna Pirates,49,1,0,0,6,0,0,,6,Purna Singh,75,4,4,0.66,1,,0.66,3,12,0,,3,0,0,0,0,0,,2,,0,4,0,2,3,0
2478,0,Patna Pirates,26,0,0,0,0,0,0,0,0,Purna Singh,0,0,0,0,0,0,0,0,0,0,0,0,0,0,0,0,0,0,0,0,0,0,0,0,0,0
2479,0,Puneri Paltan,26,3,12,3,9,1,0,,10,Shubham Shinde,81.81,12,12,1.2,0,,0,0,11,0,,0,9,0.9,0,0,3,,38,,12,0,12,29,2,0
2479,0,Puneri Paltan,49,3,17,2,7,0,0,,13,Shubham Shinde,100,18,18,1.38,0,,0.07,1,8,0,,1,15,1.15,0,0,2,,44,,17,1,17,29,0,0
2480,0,Tamil Thalaivas,49,0,0,0,3,0,0,,2,Hemant Chauhan,75,0,0,0,0,,0,0,4,0,,0,0,0,0,0,0,,3,,0,0,0,3,1,0
2480,0,Tamil Thalaivas,26,0,0,0,0,0,0,0,0,Hemant Chauhan,0,0,0,0,0,0,0,0,0,0,0,0,0,0,0,0,0,0,0,0,0,0,0,0,0,0
2481,0,Tamil Thalaivas,26,7,17,1,0,1,1,,12,Ponparthiban Subramanian,0,17,17,1.41,0,,0,0,0,0,,0,16,1.33,0,0,1,,51,,17,0,17,35,0,0
2481,0,Tamil Thalaivas,49,1,3,0,0,0,0,,6,Ponparthiban Subramanian,0,3,3,0.5,0,,0,0,0,0,,0,3,0.5,0,0,0,,13,,3,0,3,10,0,0
2482,0,U.P. Yoddha,26,1,1,0,0,0,0,,3,Aashish Nagar,0,1,1,0.33,0,,0,0,0,0,,0,1,0.33,0,0,0,,4,,1,0,1,3,0,0
2482,0,U.P. Yoddha,49,0,0,0,0,0,0,0,0,Aashish Nagar,0,0,0,0,0,0,0,0,0,0,0,0,0,0,0,0,0,0,0,0,0,0,0,0,0,0
2485,0,Gujarat Fortunegiants,49,15,4,1,42,0,0,,15,Sonu Jaglan,76.36,56,56,3.73,4,,3.46,48,110,0,,42,3,0.2,1,3,1,,4,,4,52,4,1,26,0
2486,0,U Mumba,49,5,17,1,0,0,1,,16,Harendra Kumar,0,17,17,1.06,0,,0,0,0,0,,0,16,1,0,0,1,,53,,17,0,17,37,0,0
2487,0,Haryana Steelers,49,0,0,0,0,0,0,0,0,Subhash Narwal,0,0,0,0,0,0,0,0,0,0,0,0,0,0,0,0,0,0,0,0,0,0,0,0,0,0
2488,0,Haryana Steelers,49,14,4,0,82,0,0,,19,Vinay,79.14,96,96,5.05,15,,4.84,77,187,0,,66,4,0.21,2,6,0,,16,,4,92,4,12,39,0
2489,0,Dabang Delhi K.C.,49,1,1,0,0,0,0,,1,Satywan,0,1,1,1,0,,0,0,0,0,,0,1,1,0,0,0,,2,,1,0,1,1,0,0
249,0,Telugu Titans,2,5,7,1,0,0,1,,4,Hadi Oshtorak,0,7,7,1.75,0,,0,0,1,0,,0,6,1.5,0,0,1,,13,,7,0,7,7,1,0
249,0,Patna Pirates,3,4,18,1,0,0,0,,10,Hadi Oshtorak,0,18,18,1.8,0,,0,0,1,0,,0,17,1.7,0,0,1,,40,,18,0,18,23,1,0
249,0,Patna Pirates,4,5,12,3,0,0,1,,7,Hadi Oshtorak,0,13,13,1.85,1,,0.14,0,1,0,,0,9,1.28,0,0,3,,21,,12,1,12,12,1,0
249,0,U Mumba,8,4,20,3,0,4,0,,16,Hadi Oshtorak,0,20,20,1.25,0,,0,0,0,0,,0,17,1.06,0,0,3,,55,,20,0,20,38,0,0
249,0,Gujarat Fortunegiants,26,5,12,0,5,3,0,,13,Hadi Oshtorak,81.81,18,18,1.38,0,,0.46,6,11,0,,4,12,0.92,0,0,0,,29,,12,6,12,17,2,0
249,0,Patna Pirates,49,5,35,6,32,6,1,,19,Hadi Oshtorak,94.73,43,43,2.26,4,,0.42,4,38,0,,4,29,1.52,0,0,6,,79,,35,8,35,50,2,0
2490,0,Dabang Delhi K.C.,49,0,0,0,0,0,0,0,0,Pratik Patil,0,0,0,0,0,0,0,0,0,0,0,0,0,0,0,0,0,0,0,0,0,0,0,0,0,0
2491,0,Dabang Delhi K.C.,49,0,0,0,1,0,0,,2,Neeraj Narwal,25,0,0,0,0,,0,0,4,0,,0,0,0,0,0,0,,0,,0,0,0,0,3,0
2492,0,Puneri Paltan,49,6,35,7,0,0,3,,18,Jadhav Balasaheb Shahaji,0,35,35,1.94,0,,0,0,0,0,,0,28,1.55,0,0,7,,64,,35,0,35,36,0,0
2493,0,Tamil Thalaivas,49,3,1,0,1,0,0,,3,Himanshu,66.66,3,3,1,0,,0.66,2,3,0,,1,1,0.33,0,0,0,,5,,1,2,1,4,1,0
2494,0,Jaipur Pink Panthers,49,4,1,0,18,0,0,,12,Sachin Narwal,73.52,12,12,1,3,,0.91,8,34,0,,7,1,0.08,0,1,0,,6,,1,11,1,5,9,0
2495,0,Jaipur Pink Panthers,49,0,0,0,0,0,0,0,0,Karamvir,0,0,0,0,0,0,0,0,0,0,0,0,0,0,0,0,0,0,0,0,0,0,0,0,0,0
2496,0,Jaipur Pink Panthers,49,3,12,2,0,0,0,,15,Pavan T. R.,0,12,12,0.8,0,,0,0,0,0,,0,10,0.66,0,0,2,,38,,12,0,12,28,0,0
2497,0,Jaipur Pink Panthers,49,0,0,0,1,0,0,,2,Guman Singh,100,0,0,0,0,,0,0,1,0,,0,0,0,0,0,0,,0,,0,0,0,0,0,0
2498,0,Jaipur Pink Panthers,49,8,1,0,21,0,0,,7,Sushil Gulia,68.75,20,20,2.85,2,,2.71,17,48,0,,12,1,0.14,0,2,0,,4,,1,19,1,3,15,0
2499,0,Bengal Warriors,49,0,0,0,0,0,0,0,0,Avinash A. R.,0,0,0,0,0,0,0,0,0,0,0,0,0,0,0,0,0,0,0,0,0,0,0,0,0,0
2501,0,Bengaluru Bulls,49,1,1,0,0,0,0,,2,Aman,0,1,1,0.5,0,,0,0,0,0,,0,1,0.5,0,0,0,,4,,1,0,1,3,0,0
2502,0,Bengaluru Bulls,49,5,12,2,30,0,1,,13,Mohit Sehrawat,75.55,17,17,1.3,1,,0.38,4,45,0,,4,10,0.76,0,0,2,,31,,12,5,12,21,11,0
2503,0,Bengaluru Bulls,49,6,3,0,19,0,0,,11,Banty,71.11,21,21,1.9,3,,1.63,15,45,0,,13,3,0.27,0,0,0,,8,,3,18,3,5,13,0
2504,0,Patna Pirates,49,2,0,0,5,0,0,,7,Ashish,50,5,5,0.71,2,,0.71,3,16,0,,3,0,0,0,0,0,,2,,0,5,0,2,8,0
2505,0,Patna Pirates,49,0,0,0,0,0,0,0,0,Mohit,0,0,0,0,0,0,0,0,0,0,0,0,0,0,0,0,0,0,0,0,0,0,0,0,0,0
2506,0,Tamil Thalaivas,49,3,8,0,0,0,0,,6,M. Abishek,0,8,8,1.33,0,,0,0,0,0,,0,8,1.33,0,0,0,,23,,8,0,8,15,0,0
2507,0,Patna Pirates,49,4,0,0,3,0,0,,3,Amit Kumar,75,5,5,1.66,2,,1.66,3,8,0,,3,0,0,0,1,0,,1,,0,5,0,1,2,0
2508,0,Tamil Thalaivas,49,18,0,0,35,0,0,,16,V. Ajith Kumar,68.94,91,91,5.68,14,,5.68,77,161,0,,76,0,0,3,1,0,,9,,0,91,0,9,50,0
2509,0,Telugu Titans,49,0,0,0,0,0,0,0,0,Manish,0,0,0,0,0,0,0,0,0,0,0,0,0,0,0,0,0,0,0,0,0,0,0,0,0,0
251,0,Telugu Titans,2,11,9,0,9,1,0,,15,Meraj Sheykh,62.79,38,38,2.53,3,,1.93,26,43,0,,18,9,0.6,1,3,0,,23,,9,29,9,14,16,0
251,0,Telugu Titans,3,11,21,3,30,0,0,,14,Meraj Sheykh,71.42,48,48,3.42,6,,1.92,21,70,0,,20,18,1.28,0,0,3,,38,,21,27,21,20,20,0
251,0,Dabang Delhi K.C.,4,11,12,3,110,0,0,,14,Meraj Sheykh,85.39,75,75,5.35,11,,4.5,52,178,0,,42,9,0.64,0,4,3,,30,,12,63,12,21,26,0
251,0,Dabang Delhi K.C.,8,14,8,0,165,2,0,,20,Meraj Sheykh,82.53,104,104,5.2,10,,4.8,86,292,0,,76,8,0.4,2,3,0,,37,,8,96,8,29,51,0
251,0,Dabang Delhi K.C.,26,15,3,0,94,1,0,,19,Meraj Sheykh,77.46,97,97,5.1,9,,4.94,85,213,0,,71,3,0.15,2,6,0,,16,,3,94,3,13,48,0
251,0,Dabang Delhi K.C.,49,12,1,0,22,0,0,,12,Meraj Sheykh,68.75,31,31,2.58,9,,2.5,21,64,0,,22,1,0.08,1,1,0,,2,,1,30,1,1,20,0
2510,0,Telugu Titans,49,0,0,0,0,0,0,,1,Akash Choudhary,0,0,0,0,0,,0,0,0,0,,0,0,0,0,0,0,,1,,0,0,0,1,0,0
2512,0,Tamil Thalaivas,49,3,14,1,0,1,0,,14,Ajeet,0,14,14,1,0,,0,0,0,0,,0,13,0.92,0,0,1,,51,,14,0,14,38,0,0
2513,0,Bengal Warriors,49,0,0,0,0,0,0,,4,Amit,0,0,0,0,0,,0,0,0,0,,0,0,0,0,0,0,,1,,0,0,0,1,0,0
2514,0,Haryana Steelers,49,3,6,1,0,0,0,,9,Chand Singh,100,7,7,0.77,0,,0.11,1,1,0,,1,5,0.55,0,0,1,,16,,6,1,6,11,0,0
2515,0,Haryana Steelers,49,1,0,0,0,0,0,,1,Vikas Chhillar,50,1,1,1,0,,1,1,2,0,,1,0,0,0,0,0,,0,,0,1,0,0,1,0
259,0,U Mumba,2,7,11,2,2,1,1,,5,Fazel Atrachali,75,12,12,2.4,0,,0.2,1,4,0,,1,9,1.8,0,0,2,,13,,11,1,11,4,1,0
259,0,U Mumba,3,6,32,0,1,0,2,,11,Fazel Atrachali,50,33,33,3,1,,0.09,0,2,0,,0,32,2.9,0,0,0,,46,,32,1,32,14,1,1
259,0,Patna Pirates,4,8,52,7,1,1,4,,16,Fazel Atrachali,100,52,52,3.25,0,,0,0,1,0,,0,45,2.81,0,0,7,,72,,52,0,52,27,0,1
259,0,Gujarat Fortunegiants,8,9,57,3,9,4,4,,24,Fazel Atrachali,81.81,57,57,2.37,0,,0,0,11,0,,0,54,2.25,0,0,3,,99,,57,0,57,45,2,0
259,0,U Mumba,26,7,83,3,14,8,6,,23,Fazel Atrachali,100,83,83,3.6,0,,0,0,14,0,,0,80,3.47,0,0,3,,130,,83,0,83,50,0,0
259,0,U Mumba,49,6,57,3,11,3,2,,18,Fazel Atrachali,92.3,59,59,3.27,1,,0.11,1,13,0,,1,54,3,0,0,3,,97,,57,2,57,43,1,0
26,0,Bengaluru Bulls,1,16,5,0,73,1,0,,15,Ajay Thakur,74.56,127,127,8.46,21,,8.13,101,228,0,,96,5,0.33,5,2,0,,18,,5,122,5,13,58,0
26,0,Bengaluru Bulls,2,12,1,0,79,6,0,,13,Ajay Thakur,71.05,80,80,6.15,3,,6.07,76,190,0,,56,1,0.07,2,6,0,,6,,1,79,1,5,55,0
26,0,Puneri Paltan,3,11,4,0,73,2,0,,14,Ajay Thakur,77.02,56,56,4,3,,3.71,49,148,0,,41,4,0.28,1,2,0,,9,,4,52,4,5,34,0
26,0,Puneri Paltan,4,12,1,0,80,0,0,,16,Ajay Thakur,78.06,64,64,4,14,,3.93,49,155,0,,41,1,0.06,1,5,0,,8,,1,63,1,7,34,1
26,0,Tamil Thalaivas,8,20,9,0,150,4,0,,22,Ajay Thakur,81.57,222,222,10.09,48,,9.68,165,407,0,,182,9,0.4,12,3,0,,25,,9,213,9,16,75,0
26,0,Tamil Thalaivas,26,20,1,0,131,3,0,,22,Ajay Thakur,79.38,204,204,9.27,29,,9.22,174,388,0,,177,1,0.04,7,3,0,,11,,1,203,1,10,80,0
26,0,Tamil Thalaivas,49,11,0,0,81,2,0,,13,Ajay Thakur,74.85,58,58,4.46,6,,4.46,52,171,0,,47,0,0,1,2,0,,5,,0,58,0,5,43,0
261,0,Telugu Titans,2,7,0,0,8,0,0,,5,Rohit Baliyan,76,12,12,2.4,4,,2.4,8,25,0,,11,0,0,0,0,0,,4,,0,12,0,4,6,0
261,0,Telugu Titans,3,11,2,0,43,1,0,,11,Rohit Baliyan,81.3,56,56,5.09,17,,4.9,37,107,0,,44,2,0.18,2,2,0,,17,,2,54,2,15,20,0
261,0,Dabang Delhi K.C.,8,11,9,0,76,0,0,,17,Rohit Baliyan,79.39,74,74,4.35,28,,3.82,37,165,0,,55,9,0.52,1,1,0,,28,,9,65,9,19,34,0
261,0,U Mumba,26,11,14,1,75,3,0,,19,Rohit Baliyan,83.51,108,108,5.68,33,,4.94,61,188,0,,82,13,0.68,0,1,1,,32,,14,94,14,19,31,0
261,0,U Mumba,49,9,4,1,75,0,0,,15,Rohit Baliyan,79.38,46,46,3.06,16,,2.8,26,131,0,,29,3,0.2,0,2,1,,11,,4,42,4,8,27,0
261,0,Bengaluru Bulls,4,0,0,0,0,0,0,0,0,Rohit Baliyan,0,0,0,0,0,0,0,0,0,0,0,0,0,0,0,0,0,0,0,0,0,0,0,0,0,0
264,0,Dabang Delhi K.C.,2,5,0,0,10,0,0,,10,Selvamani K,79.16,14,14,1.4,5,,1.4,9,24,0,,9,0,0,0,1,0,,2,,0,14,0,2,5,0
264,0,Dabang Delhi K.C.,3,10,1,0,48,0,0,,8,Selvamani K,83.69,39,39,4.87,7,,4.75,31,92,0,,29,1,0.12,1,1,0,,6,,1,38,1,5,15,0
264,0,Dabang Delhi K.C.,4,7,0,0,53,0,0,,13,Selvamani K,82.07,45,45,3.46,8,,3.46,37,106,0,,34,0,0,0,1,0,,8,,0,45,0,8,19,0
264,0,Jaipur Pink Panthers,8,2,0,0,5,0,0,,3,Selvamani K,57.14,4,4,1.33,0,,1.33,4,14,0,,3,0,0,0,0,0,,0,,0,4,0,0,6,0
264,0,Jaipur Pink Panthers,26,11,3,0,36,0,0,,15,Selvamani K,76.82,41,41,2.73,17,,2.53,21,82,0,,27,3,0.2,1,3,0,,9,,3,38,3,6,19,0
264,0,Haryana Steelers,49,5,2,0,19,0,0,,7,Selvamani K,72.22,13,13,1.85,5,,1.57,6,36,0,,7,2,0.28,0,1,0,,4,,2,11,2,2,10,0
2644,0,Patna Pirates,49,3,3,1,0,0,0,,5,Ravinder,0,3,3,0.6,0,,0,0,0,0,,0,2,0.4,0,0,1,,8,,3,0,3,6,0,0
2656,0,U Mumba,49,0,0,0,0,0,0,0,0,Navneet,0,0,0,0,0,0,0,0,0,0,0,0,0,0,0,0,0,0,0,0,0,0,0,0,0,0
2657,0,U.P. Yoddha,49,4,32,2,1,0,0,,18,Ashu Singh,100,32,32,1.77,0,,0,0,1,0,,0,30,1.66,0,0,2,,79,,32,0,32,49,0,0
2658,0,Telugu Titans,49,0,0,0,0,0,0,,2,Aakash Dattu Arsul,0,0,0,0,0,,0,0,0,0,,0,0,0,0,0,0,,2,,0,0,0,2,0,0
2659,0,Tamil Thalaivas,49,3,10,1,0,0,0,,10,Sagar,0,10,10,1,0,,0,0,1,0,,0,9,0.9,0,0,1,,21,,10,0,10,12,1,0
2660,0,Puneri Paltan,49,4,0,0,9,0,0,,9,Sushant Sail,54.83,12,12,1.33,2,,1.33,10,31,0,,8,0,0,0,0,0,,5,,0,12,0,5,14,0
2661,0,Puneri Paltan,49,17,3,0,77,0,0,,16,Pankaj Mohite,77.77,113,113,7.06,17,,6.87,93,207,0,,84,3,0.18,3,4,0,,15,,3,110,3,12,46,0
2662,0,Puneri Paltan,49,3,7,0,0,0,0,,5,Sanket Sawant,0,7,7,1.4,0,,0,0,0,0,,0,7,1.4,0,0,0,,21,,7,0,7,14,0,0
2663,0,Patna Pirates,49,0,0,0,0,0,0,0,0,Rajveersinh Pratap Rao Chavan,0,0,0,0,0,0,0,0,0,0,0,0,0,0,0,0,0,0,0,0,0,0,0,0,0,0
2664,0,Patna Pirates,49,0,0,0,0,0,0,0,0,Sahil Mann,0,0,0,0,0,0,0,0,0,0,0,0,0,0,0,0,0,0,0,0,0,0,0,0,0,0
2665,0,Jaipur Pink Panthers,49,3,4,1,0,0,0,,3,Elavarasan A,0,4,4,1.33,0,,0,0,0,0,,0,3,1,0,0,1,,10,,4,0,4,7,0,0
2666,0,Gujarat Fortunegiants,49,4,0,0,4,0,0,,4,Harmanjit Singh,69.23,5,5,1.25,0,,1.25,5,13,0,,5,0,0,0,0,0,,0,,0,5,0,0,4,0
2667,0,Gujarat Fortunegiants,49,3,13,2,0,1,0,,12,Ankit,0,13,13,1.08,0,,0,0,0,0,,0,11,0.91,0,0,2,,31,,13,0,13,20,0,0
2668,0,Dabang Delhi K.C.,49,1,1,0,0,0,0,,2,Sumit,0,1,1,0.5,0,,0,0,0,0,,0,1,0.5,0,0,0,,2,,1,0,1,1,0,0
2669,0,Dabang Delhi K.C.,49,2,0,0,1,0,0,,2,Balram,66.66,2,2,1,0,,1,2,3,0,,1,0,0,0,0,0,,0,,0,2,0,0,1,0
2670,0,Bengaluru Bulls,49,8,47,5,0,0,5,,18,Saurabh Nandal,100,48,48,2.66,0,,0.05,1,1,0,,1,42,2.33,0,0,5,,87,,47,1,47,45,0,0
2671,0,Bengal Warriors,49,1,1,0,0,0,0,,3,Naveen Narwal,0,1,1,0.33,0,,0,0,0,0,,0,1,0.33,0,0,0,,8,,1,0,1,7,0,0
2672,0,Gujarat Fortunegiants,49,4,15,1,0,0,0,,14,Sumit Malik,0,15,15,1.07,0,,0,0,0,0,,0,14,1,0,0,1,,32,,15,0,15,18,0,0
268,0,Bengal Warriors,2,4,2,0,32,0,0,,8,Vineet Sharma,71.42,10,10,1.25,0,,1,8,56,0,,8,2,0.25,0,0,0,,12,,2,8,2,10,16,0
268,0,Bengal Warriors,3,6,1,0,21,0,0,,4,Vineet Sharma,78.37,9,9,2.25,1,,2,7,37,0,,8,1,0.25,0,0,0,,4,,1,8,1,3,8,0
268,0,Tamil Thalaivas,8,4,14,1,75,1,0,,18,Vineet Sharma,86.53,30,30,1.66,10,,0.88,6,104,0,,15,13,0.72,0,0,1,,41,,14,16,14,28,14,0
268,0,Tamil Thalaivas,49,5,7,1,10,0,0,,11,Vineet Sharma,68.42,16,16,1.45,6,,0.81,3,19,0,,3,6,0.54,0,0,1,,14,,7,9,7,8,6,0
268,0,Tamil Thalaivas,26,0,0,0,0,0,0,0,0,Vineet Sharma,0,0,0,0,0,0,0,0,0,0,0,0,0,0,0,0,0,0,0,0,0,0,0,0,0,0
2680,0,Bengal Warriors,49,0,0,0,0,0,0,,1,Sunil Manik Dubile,0,0,0,0,0,,0,0,0,0,,0,0,0,0,0,0,,5,,0,0,0,5,0,0
2681,0,Bengal Warriors,49,0,0,0,0,0,0,0,0,Sourabh Tanaji Patil,0,0,0,0,0,0,0,0,0,0,0,0,0,0,0,0,0,0,0,0,0,0,0,0,0,0
2682,0,Puneri Paltan,49,5,2,1,11,0,0,,6,Amit Kumar,60.6,18,18,3,7,,2.66,9,33,0,,9,1,0.16,0,0,1,,2,,2,16,2,1,13,0
2683,0,Telugu Titans,49,1,0,0,3,0,0,,3,Palle Mallikarjun,50,2,2,0.66,0,,0.66,2,10,0,,2,0,0,0,0,0,,1,,0,2,0,1,5,0
274,0,Bengal Warriors,3,0,0,0,0,0,0,,1,Krushna Madane,0,0,0,0,0,,0,0,2,0,,0,0,0,0,0,0,,0,,0,0,0,0,2,0
274,0,Telugu Titans,26,4,11,0,2,1,0,,6,Krushna Madane,100,12,12,2,0,,0.16,1,3,0,,1,11,1.83,0,0,0,,25,,11,1,11,14,0,0
274,0,Telugu Titans,49,2,6,0,10,0,0,,9,Krushna Madane,100,6,6,0.66,0,,0,0,10,0,,0,6,0.66,0,0,0,,18,,6,0,6,12,0,0
290,0,Dabang Delhi K.C.,3,6,32,6,0,0,2,,10,Sandeep Kumar Dhull,0,32,32,3.2,0,,0,0,1,0,,0,26,2.6,0,0,6,,61,,32,0,32,35,1,0
290,0,Telugu Titans,4,8,35,0,0,0,2,,12,Sandeep Kumar Dhull,0,35,35,2.91,0,,0,0,0,0,,0,35,2.91,0,0,0,,67,,35,0,35,32,0,0
290,0,Jaipur Pink Panthers,26,6,67,5,1,1,4,,22,Sandeep Kumar Dhull,100,67,67,3.04,0,,0,0,1,0,,0,62,2.81,0,0,5,,128,,67,0,67,66,0,0
290,0,Jaipur Pink Panthers,49,8,67,7,2,1,5,,20,Sandeep Kumar Dhull,66.66,68,68,3.4,1,,0.05,0,3,0,,0,60,3,0,0,7,,133,,67,1,67,73,1,0
293,0,Puneri Paltan,3,5,0,0,10,0,0,,7,Nilesh Salunke,75,10,10,1.42,2,,1.42,8,20,0,,5,0,0,0,1,0,,3,,0,10,0,3,5,0
293,0,Telugu Titans,4,10,1,0,58,0,0,,15,Nilesh Salunke,75.53,62,62,4.13,16,,4.06,45,139,0,,47,1,0.06,1,1,0,,10,,1,61,1,9,34,0
293,0,Telugu Titans,8,11,7,2,129,2,0,,21,Nilesh Salunke,83.8,105,105,5,36,,4.66,62,247,0,,78,5,0.23,3,2,2,,18,,7,98,7,13,40,0
293,0,Telugu Titans,26,9,4,0,89,5,0,,19,Nilesh Salunke,73.63,85,85,4.47,34,,4.26,47,201,0,,59,4,0.21,0,4,0,,21,,4,81,4,17,53,0
293,0,Jaipur Pink Panthers,49,15,2,0,59,1,0,,17,Nilesh Salunke,77.34,55,55,3.23,28,,3.11,25,128,0,,40,2,0.11,1,1,0,,7,,2,53,2,5,29,0
299,0,Patna Pirates,3,3,3,0,0,0,0,,3,Sandeep,0,3,3,1,0,,0,0,0,0,,0,3,1,0,0,0,,10,,3,0,3,7,0,0
299,0,Bengaluru Bulls,26,4,16,3,1,0,0,,10,Sandeep,50,16,16,1.6,0,,0,0,2,0,,0,13,1.3,0,0,3,,34,,16,0,16,21,1,0
299,0,Bengaluru Bulls,49,0,0,0,0,0,0,,1,Sandeep,0,0,0,0,0,,0,0,0,0,,0,0,0,0,0,0,,1,,0,0,0,1,0,0
299,0,Patna Pirates,8,0,0,0,0,0,0,0,0,Sandeep,0,0,0,0,0,0,0,0,0,0,0,0,0,0,0,0,0,0,0,0,0,0,0,0,0,0
300,0,U Mumba,3,0,0,0,1,0,0,,3,Abolfazl Maghsodloumahali,50,0,0,0,0,,0,0,2,0,,0,0,0,0,0,0,,0,,0,0,0,0,1,0
300,0,Patna Pirates,4,9,0,0,5,0,0,,9,Abolfazl Maghsodloumahali,62.16,25,25,2.77,6,,2.77,19,37,0,,18,0,0,0,2,0,,1,,0,25,0,1,14,0
300,0,Dabang Delhi K.C.,8,11,6,1,106,4,0,,19,Abolfazl Maghsodloumahali,79.56,97,97,5.1,20,,4.78,71,230,0,,77,5,0.26,0,0,1,,14,,6,91,6,9,47,0
300,0,U Mumba,26,5,2,0,39,0,0,,10,Abolfazl Maghsodloumahali,75.32,25,25,2.5,3,,2.3,20,77,0,,19,2,0.2,0,2,0,,7,,2,23,2,5,19,0
300,0,Gujarat Fortunegiants,49,4,0,0,1,0,0,,6,Abolfazl Maghsodloumahali,40,5,5,0.83,2,,0.83,3,10,0,,3,0,0,0,0,0,,0,,0,5,0,0,6,0
301,0,U Mumba,3,0,0,0,0,0,0,,1,Hadi Tajik,0,0,0,0,0,,0,0,0,0,,0,0,0,0,0,0,,1,,0,0,0,1,0,0
301,0,Dabang Delhi K.C.,4,1,1,0,0,0,0,,1,Hadi Tajik,0,1,1,1,0,,0,0,0,0,,0,1,1,0,0,0,,1,,1,0,1,0,0,0
301,0,U.P. Yoddha,8,2,5,0,3,1,0,,9,Hadi Tajik,41.66,9,9,1,2,,0.44,2,12,0,,2,5,0.55,0,0,0,,23,,5,4,5,18,7,0
301,0,U Mumba,26,0,0,0,0,3,0,,5,Hadi Tajik,0,0,0,0,0,,0,0,0,0,,0,0,0,0,0,0,,6,,0,0,0,6,0,0
301,0,Puneri Paltan,49,4,16,1,3,0,0,,12,Hadi Tajik,66.66,17,17,1.41,0,,0.08,1,6,0,,1,15,1.25,0,0,1,,37,,16,1,16,22,2,0
311,0,Dabang Delhi K.C.,3,4,19,0,10,1,0,,11,Anil Kumar,80,21,21,1.9,1,,0.18,1,15,0,,2,19,1.72,0,0,0,,51,,19,2,19,32,3,0
311,0,Patna Pirates,4,2,2,0,2,0,0,,4,Anil Kumar,100,2,2,0.5,0,,0,0,2,0,,0,2,0.5,0,0,0,,7,,2,0,2,5,0,0
311,0,Tamil Thalaivas,8,1,1,0,4,1,0,,5,Anil Kumar,100,1,1,0.2,0,,0,0,4,0,,0,1,0.2,0,0,0,,3,,1,0,1,2,0,0
311,0,Telugu Titans,26,4,29,4,7,1,0,,18,Anil Kumar,77.77,30,30,1.66,1,,0.05,0,9,0,,0,25,1.38,0,0,4,,60,,29,1,29,35,2,0
311,0,Dabang Delhi K.C.,49,4,27,1,3,0,0,,15,Anil Kumar,100,27,27,1.8,0,,0,0,3,0,,0,26,1.73,0,0,1,,71,,27,0,27,45,0,0
318,0,Bengaluru Bulls,3,7,8,2,35,0,0,,13,Pawan Kumar Sehrawat,64.54,53,53,4.07,6,,3.46,39,110,0,,36,6,0.46,0,1,2,,17,,8,45,8,11,39,0
318,0,Bengaluru Bulls,4,4,0,0,8,0,0,,10,Pawan Kumar Sehrawat,48.48,11,11,1.1,6,,1.1,5,33,0,,8,0,0,0,0,0,,1,,0,11,0,1,17,0
318,0,Gujarat Fortunegiants,8,4,1,0,6,0,0,,9,Pawan Kumar Sehrawat,45.83,10,10,1.11,2,,1,7,24,0,,5,1,0.11,0,0,0,,2,,1,9,1,1,13,0
318,0,Bengaluru Bulls,26,22,11,0,81,1,0,,24,Pawan Kumar Sehrawat,77.33,282,282,11.75,36,,11.29,235,375,0,,209,11,0.45,13,12,0,,40,,11,271,11,29,85,0
318,0,Bengaluru Bulls,49,29,14,1,67,0,0,,19,Pawan Kumar Sehrawat,74.05,256,256,13.47,52,,12.73,190,343,0,,187,13,0.68,13,6,1,,29,,14,242,14,16,89,0
320,0,Bengal Warriors,3,13,4,1,67,0,0,,10,Nitin Tomar,84.37,81,81,8.1,15,,7.7,62,160,0,,68,3,0.3,2,1,1,,11,,4,77,4,8,25,0
320,0,Puneri Paltan,4,7,1,0,53,0,0,,12,Nitin Tomar,74.1,34,34,2.83,7,,2.75,26,112,0,,30,1,0.08,0,1,0,,8,,1,33,1,7,29,0
320,0,U.P. Yoddha,8,18,10,1,147,0,0,,20,Nitin Tomar,86.23,177,177,8.85,42,,8.35,125,327,0,,135,9,0.45,7,7,1,,30,,10,167,10,21,45,0
320,0,Puneri Paltan,26,20,2,0,75,0,0,,11,Nitin Tomar,83.24,102,102,9.27,29,,9.09,71,191,0,,84,2,0.18,4,1,0,,9,,2,100,2,7,32,0
320,0,Puneri Paltan,49,11,6,1,44,0,0,,13,Nitin Tomar,74.4,60,60,4.61,18,,4.15,36,125,0,,49,5,0.38,1,0,1,,25,,6,54,6,20,32,0
322,0,Puneri Paltan,3,9,48,1,5,0,5,,12,PO Surjeet Singh,100,49,49,4.08,0,,0.08,1,6,0,,1,47,3.91,0,0,1,,75,,48,1,48,28,0,0
322,0,U Mumba,4,5,37,4,3,0,2,,14,PO Surjeet Singh,100,37,37,2.64,0,,0,0,3,0,,0,33,2.35,0,0,4,,73,,37,0,37,40,0,0
322,0,Bengal Warriors,8,8,76,4,48,8,9,,24,PO Surjeet Singh,98.07,79,79,3.29,0,,0.12,3,52,0,,3,72,3,0,0,4,,146,,76,3,76,74,1,0
322,0,Bengal Warriors,26,7,54,2,50,7,4,,23,PO Surjeet Singh,96.29,57,57,2.47,0,,0.13,3,54,0,,2,52,2.26,0,0,2,,129,,54,3,54,77,2,0
322,0,Puneri Paltan,49,7,51,5,16,3,5,,19,PO Surjeet Singh,94.44,53,53,2.78,0,,0.1,2,18,0,,1,46,2.42,0,0,5,,103,,51,2,51,57,1,0
324,0,Patna Pirates,3,2,2,0,0,0,0,,2,Darshan Kadian,0,2,2,1,0,,0,0,1,0,,0,2,1,0,0,0,,8,,2,0,2,6,1,0
324,0,U Mumba,8,8,7,3,22,0,0,,16,Darshan Kadian,63.88,40,40,2.5,5,,2.06,28,72,0,,24,4,0.25,0,1,3,,23,,7,33,7,19,26,0
324,0,U Mumba,26,10,1,0,74,1,0,,14,Darshan Kadian,79.43,50,50,3.57,3,,3.5,46,141,0,,38,1,0.07,1,1,0,,3,,1,49,1,2,29,0
324,0,Puneri Paltan,49,3,1,0,11,0,0,,7,Darshan Kadian,68.18,8,8,1.14,3,,1,4,22,0,,4,1,0.14,0,0,0,,10,,1,7,1,9,7,0
326,0,Patna Pirates,3,16,7,0,70,0,0,,12,Rohit Kumar,84.26,109,109,9.08,15,,8.5,87,178,0,,80,7,0.58,5,4,0,,14,,7,102,7,7,28,0
326,0,Bengaluru Bulls,4,11,7,1,107,0,0,,14,Rohit Kumar,77.77,100,100,7.14,18,,6.64,75,234,0,,75,6,0.42,1,3,1,,16,,7,93,7,10,52,0
326,0,Bengaluru Bulls,8,32,12,1,144,1,0,,22,Rohit Kumar,80.38,231,231,10.5,49,,9.95,170,418,0,,192,11,0.5,12,1,1,,27,,12,219,12,16,82,0
326,0,Bengaluru Bulls,26,16,9,0,148,1,1,,24,Rohit Kumar,81.23,171,171,7.12,33,,6.75,129,341,0,,129,9,0.37,5,5,0,,30,,9,162,9,21,64,1
326,0,Bengaluru Bulls,49,14,4,0,94,0,0,,17,Rohit Kumar,70.86,92,92,5.41,18,,5.17,70,230,0,,69,4,0.23,3,2,0,,17,,4,88,4,13,67,0
335,0,Dabang Delhi K.C.,4,0,0,0,0,0,0,,1,Tin Phonchoo,0,0,0,0,0,,0,0,0,0,,0,0,0,0,0,0,,0,,0,0,0,0,0,0
335,0,Haryana Steelers,49,0,0,0,2,0,0,,2,Tin Phonchoo,66.66,0,0,0,0,,0,0,3,0,,0,0,0,0,0,0,,0,,0,0,0,0,1,0
335,0,Haryana Steelers,26,0,0,0,0,0,0,0,0,Tin Phonchoo,0,0,0,0,0,0,0,0,0,0,0,0,0,0,0,0,0,0,0,0,0,0,0,0,0,0
347,0,Telugu Titans,4,2,6,0,0,0,0,,11,Sagar B Krishna,0,6,6,0.54,0,,0,0,0,0,,0,6,0.54,0,0,0,,16,,6,0,6,10,0,0
347,0,U.P. Yoddha,8,6,32,3,8,0,3,,17,Sagar B Krishna,90,33,33,1.94,0,,0.05,1,10,0,,1,29,1.7,0,0,3,,62,,32,1,32,33,1,0
347,0,U.P. Yoddha,26,5,18,1,8,0,1,,20,Sagar B Krishna,88.88,18,18,0.9,0,,0,0,9,0,,0,17,0.85,0,0,1,,45,,18,0,18,28,1,0
347,0,Puneri Paltan,49,7,14,3,0,0,1,,12,Sagar B Krishna,0,14,14,1.16,0,,0,0,0,0,,0,11,0.91,0,0,3,,30,,14,0,14,19,0,0
357,0,Jaipur Pink Panthers,4,2,3,0,0,0,0,,7,Parvesh Bhainswal,0,3,3,0.42,0,,0,0,0,0,,0,3,0.42,0,0,0,,17,,3,0,3,14,0,0
357,0,Gujarat Fortunegiants,8,5,48,4,0,1,2,,24,Parvesh Bhainswal,0,48,48,2,0,,0,0,0,0,,0,44,1.83,0,0,4,,89,,48,0,48,45,0,0
357,0,Gujarat Fortunegiants,26,8,86,4,1,3,5,,25,Parvesh Bhainswal,100,86,86,3.44,0,,0,0,1,0,,0,82,3.28,0,0,4,,138,,86,0,86,56,0,0
357,0,Gujarat Fortunegiants,49,7,48,2,0,0,4,,20,Parvesh Bhainswal,0,48,48,2.4,0,,0,0,0,0,,0,46,2.3,0,0,2,,88,,48,0,48,42,0,0
358,0,Telugu Titans,4,5,6,0,0,0,0,,2,Vishal Bhardwaj,100,7,7,3.5,0,,0.5,1,1,0,,1,6,3,0,0,0,,15,,6,1,6,9,0,0
358,0,Telugu Titans,8,7,71,3,4,6,5,,22,Vishal Bhardwaj,80,71,71,3.22,0,,0,0,5,0,,0,68,3.09,0,0,3,,137,,71,0,71,69,1,0
358,0,Telugu Titans,26,9,60,9,40,5,5,,17,Vishal Bhardwaj,100,60,60,3.52,0,,0,0,40,0,,0,51,3,0,0,9,,95,,60,0,60,44,0,0
358,0,Telugu Titans,49,8,61,9,14,5,5,,18,Vishal Bhardwaj,100,61,61,3.38,0,,0,0,14,0,,0,52,2.88,0,0,9,,105,,61,0,61,53,0,0
36,0,Telugu Titans,1,4,0,0,8,0,0,,6,Chandran Ranjit,60,6,6,1,3,,1,3,20,0,,4,0,0,0,0,0,,6,,0,6,0,6,8,0
36,0,Telugu Titans,2,1,1,0,5,0,0,,1,Chandran Ranjit,62.5,1,1,1,0,,0,0,8,0,,0,1,1,0,0,0,,2,,1,0,1,1,3,0
36,0,Gujarat Fortunegiants,8,11,0,0,52,0,0,,11,Chandran Ranjit,77.86,51,51,4.63,8,,4.63,43,122,0,,43,0,0,1,3,0,,4,,0,51,0,4,27,0
36,0,Dabang Delhi K.C.,26,11,5,1,116,0,0,,24,Chandran Ranjit,76.89,158,158,6.58,45,,6.37,108,316,0,,127,4,0.16,3,3,1,,15,,5,153,5,11,73,0
36,0,Dabang Delhi K.C.,49,12,4,1,93,0,0,,18,Chandran Ranjit,74.12,104,104,5.77,30,,5.55,70,228,0,,76,3,0.16,2,3,1,,16,,4,100,4,13,59,0
361,0,Telugu Titans,4,0,0,0,0,0,0,,2,Sombir,0,0,0,0,0,,0,0,0,0,,0,0,0,0,0,0,,1,,0,0,0,1,0,0
361,0,Telugu Titans,8,10,39,6,0,1,2,,17,Sombir,0,39,39,2.29,0,,0,0,0,0,,0,33,1.94,0,0,6,,84,,39,0,39,51,0,0
361,0,Telugu Titans,26,1,1,0,0,0,0,,4,Sombir,0,1,1,0.25,0,,0,0,0,0,,0,1,0.25,0,0,0,,8,,1,0,1,7,0,0
361,0,Dabang Delhi K.C.,49,1,1,0,0,0,0,,8,Sombir,0,1,1,0.12,0,,0,0,0,0,,0,1,0.12,0,0,0,,5,,1,0,1,4,0,0
363,0,Bengaluru Bulls,4,4,2,1,9,0,0,,5,Sumit Singh,70,9,9,1.8,3,,1.4,4,20,0,,5,1,0.2,0,0,1,,5,,2,7,2,4,6,0
363,0,Bengaluru Bulls,8,0,0,0,3,0,0,,4,Sumit Singh,60,0,0,0,0,,0,0,5,0,,0,0,0,0,0,0,,0,,0,0,0,0,2,0
363,0,Bengaluru Bulls,26,4,4,0,14,2,0,,8,Sumit Singh,77.77,15,15,1.87,6,,1.37,5,27,0,,7,4,0.5,0,0,0,,10,,4,11,4,6,6,0
363,0,Bengaluru Bulls,49,7,3,1,37,1,0,,15,Sumit Singh,69.56,39,39,2.6,22,,2.4,14,92,0,,27,2,0.13,0,0,1,,11,,3,36,3,9,28,0
366,0,Dabang Delhi K.C.,4,3,0,0,9,0,0,,4,Vikash Kandola,70.58,3,3,0.75,0,,0.75,3,17,0,,3,0,0,0,0,0,,2,,0,3,0,2,5,0
366,0,Haryana Steelers,8,9,0,0,63,0,0,,9,Vikash Kandola,78.67,58,58,6.44,11,,6.44,47,136,0,,44,0,0,0,1,0,,4,,0,58,0,4,29,0
366,0,Haryana Steelers,26,15,5,0,132,2,0,,22,Vikash Kandola,77.23,177,177,8.04,51,,7.81,121,347,0,,136,5,0.22,6,5,0,,18,,5,172,5,13,79,0
366,0,Haryana Steelers,49,13,4,0,139,0,0,,16,Vikash Kandola,80.62,157,157,9.81,19,,9.56,134,320,0,,119,4,0.25,9,6,0,,15,,4,153,4,11,62,0
368,0,Patna Pirates,4,1,0,0,1,0,0,,1,Sunil Kumar,100,1,1,1,0,,1,1,2,0,,1,0,0,0,0,0,,4,,0,1,0,4,0,0
368,0,Gujarat Fortunegiants,8,7,57,2,29,4,3,,24,Sunil Kumar,96.77,58,58,2.41,0,,0.04,1,31,0,,1,55,2.29,0,0,2,,101,,57,1,57,46,1,1
368,0,Gujarat Fortunegiants,26,8,76,4,29,2,3,,25,Sunil Kumar,96.66,76,76,3.04,0,,0,0,30,0,,0,72,2.88,0,0,4,,140,,76,0,76,68,1,0
368,0,Gujarat Fortunegiants,49,7,46,6,12,0,4,,18,Sunil Kumar,100,47,47,2.61,0,,0.05,1,13,0,,1,40,2.22,0,0,6,,86,,46,1,46,46,0,0
370,0,Bengal Warriors,4,2,1,0,3,0,0,,2,Ravindra Ramesh Kumawat,62.5,3,3,1.5,0,,1,2,8,0,,2,1,0.5,0,0,0,,1,,1,2,1,0,3,0
370,0,Bengal Warriors,8,2,0,0,2,0,0,,2,Ravindra Ramesh Kumawat,57.14,2,2,1,0,,1,2,7,0,,2,0,0,0,0,0,,1,,0,2,0,1,3,0
370,0,Bengal Warriors,26,8,5,0,42,0,0,,12,Ravindra Ramesh Kumawat,78.02,42,42,3.5,5,,3.08,32,91,0,,29,5,0.41,0,2,0,,18,,5,37,5,13,20,0
370,0,Bengal Warriors,49,2,1,0,3,0,0,,2,Ravindra Ramesh Kumawat,57.14,2,2,1,1,,0.5,0,7,0,,1,1,0.5,0,0,0,,1,,1,1,1,0,3,0
376,0,Telugu Titans,4,7,0,0,2,0,0,,4,Athul MS,57.14,8,8,2,0,,2,8,14,0,,6,0,0,0,0,0,,1,,0,8,0,1,6,0
376,0,Tamil Thalaivas,26,8,1,0,17,3,0,,19,Athul MS,60,56,56,2.94,21,,2.89,34,105,0,,46,1,0.05,0,0,0,,16,,1,55,1,15,42,0
376,0,U Mumba,49,9,0,0,38,0,0,,14,Athul MS,65.42,45,45,3.21,16,,3.21,29,107,0,,32,0,0,0,0,0,,4,,0,45,0,4,37,0
376,0,Telugu Titans,8,0,0,0,0,0,0,0,0,Athul MS,0,0,0,0,0,0,0,0,0,0,0,0,0,0,0,0,0,0,0,0,0,0,0,0,0,0
387,0,Bengaluru Bulls,4,5,1,0,31,0,0,,9,Vinod Kumar,77.04,20,20,2.22,6,,2.11,13,61,0,,16,1,0.11,0,0,0,,6,,1,19,1,5,14,0
387,0,Bengal Warriors,8,8,8,0,65,0,0,,19,Vinod Kumar,74.79,41,41,2.15,3,,1.73,30,123,0,,27,8,0.42,0,0,0,,29,,8,33,8,21,31,0
387,0,Bengaluru Bulls,49,0,0,0,0,0,0,,1,Vinod Kumar,0,0,0,0,0,,0,0,0,0,,0,0,0,0,0,0,,2,,0,0,0,2,0,0
387,0,Bengal Warriors,26,0,0,0,0,0,0,0,0,Vinod Kumar,0,0,0,0,0,0,0,0,0,0,0,0,0,0,0,0,0,0,0,0,0,0,0,0,0,0
388,0,Bengal Warriors,4,11,4,1,75,0,0,,13,Monu Goyat,75.59,63,63,4.84,16,,4.53,43,168,0,,52,3,0.23,0,0,1,,13,,4,59,4,10,41,0
388,0,Patna Pirates,8,12,11,1,128,0,0,,26,Monu Goyat,78.63,202,202,7.76,39,,7.34,152,365,0,,159,10,0.38,9,4,1,,35,,11,191,11,25,78,0
388,0,Haryana Steelers,26,17,4,0,96,8,0,,20,Monu Goyat,74.41,164,164,8.2,55,,8,105,301,0,,128,4,0.2,10,3,0,,27,,4,160,4,23,77,0
388,0,U.P. Yoddha,49,10,3,1,45,1,0,,10,Monu Goyat,73.45,46,46,4.6,13,,4.3,30,113,0,,38,2,0.2,1,0,1,,11,,3,43,3,9,30,0
390,0,Jaipur Pink Panthers,4,1,2,0,0,0,0,,6,Jawahar Dagar,0,2,2,0.33,0,,0,0,2,0,,0,2,0.33,0,0,0,,12,,2,0,2,10,2,0
390,0,Patna Pirates,8,4,29,3,15,0,0,,18,Jawahar Dagar,78.26,35,35,1.94,2,,0.33,4,23,0,,3,26,1.44,0,0,3,,69,,29,6,29,43,5,0
390,0,Patna Pirates,26,5,20,3,2,0,2,,15,Jawahar Dagar,60,23,23,1.53,2,,0.2,1,5,0,,1,17,1.13,0,0,3,,59,,20,3,20,42,2,0
390,0,Patna Pirates,49,2,5,0,1,0,0,,7,Jawahar Dagar,100,5,5,0.71,0,,0,0,1,0,,0,5,0.71,0,0,0,,18,,5,0,5,13,0,0
41,0,Telugu Titans,1,18,2,0,44,0,0,,14,Deepak Niwas Hooda,78.37,89,89,6.35,14,,6.21,73,148,0,,72,2,0.14,3,3,0,,22,,2,87,2,20,32,0
41,0,Telugu Titans,2,14,36,4,72,1,3,,15,Deepak Niwas Hooda,82.35,96,96,6.4,10,,4,50,153,0,,54,32,2.13,1,1,4,,61,,36,60,36,29,27,0
41,0,Puneri Paltan,3,13,7,0,67,0,0,,12,Deepak Niwas Hooda,82.16,76,76,6.33,4,,5.75,65,157,0,,62,7,0.58,1,0,0,,21,,7,69,7,14,28,0
41,0,Puneri Paltan,4,17,4,0,130,0,0,,16,Deepak Niwas Hooda,85.92,130,130,8.12,14,,7.87,112,277,0,,108,4,0.25,2,2,0,,28,,4,126,4,24,39,0
41,0,Puneri Paltan,8,17,14,1,157,1,0,,24,Deepak Niwas Hooda,78.88,186,186,7.75,26,,7.16,146,360,0,,127,13,0.54,7,8,1,,34,,14,172,14,21,76,0
41,0,Jaipur Pink Panthers,26,20,12,1,132,4,1,,22,Deepak Niwas Hooda,80.32,208,208,9.45,47,,8.9,149,366,0,,162,11,0.5,10,4,1,,38,,12,196,12,27,72,0
41,0,Jaipur Pink Panthers,49,14,12,2,133,0,0,,20,Deepak Niwas Hooda,80.92,158,158,7.9,26,,7.3,120,304,0,,113,10,0.5,7,2,2,,27,,12,146,12,17,58,0
42,0,Bengaluru Bulls,1,7,39,5,21,1,2,,16,Dharmaraj Cheralathan,93.54,52,52,3.25,4,,0.81,9,31,0,,8,34,2.12,0,0,5,,69,,39,13,39,35,2,0
42,0,Bengaluru Bulls,2,9,42,1,25,0,2,,15,Dharmaraj Cheralathan,95.23,61,61,4.06,4,,1.26,15,42,0,,15,41,2.73,0,0,1,,68,,42,19,42,27,2,0
42,0,Telugu Titans,3,8,31,3,13,0,2,,14,Dharmaraj Cheralathan,80,37,37,2.64,5,,0.42,1,20,0,,3,28,2,0,0,3,,58,,31,6,31,30,4,0
42,0,Patna Pirates,4,9,39,8,26,1,4,,14,Dharmaraj Cheralathan,100,41,41,2.92,0,,0.14,2,28,0,,2,31,2.21,0,0,8,,63,,39,2,39,32,0,0
42,0,Puneri Paltan,8,4,25,1,15,0,0,,18,Dharmaraj Cheralathan,100,25,25,1.38,0,,0,0,15,0,,0,24,1.33,0,0,1,,64,,25,0,25,40,0,0
42,0,U Mumba,26,6,40,3,21,0,1,,22,Dharmaraj Cheralathan,95.45,40,40,1.81,0,,0,0,22,0,,0,37,1.68,0,0,3,,69,,40,0,40,32,1,0
42,0,Haryana Steelers,49,5,41,4,15,0,1,,17,Dharmaraj Cheralathan,88.88,44,44,2.58,2,,0.17,1,18,0,,1,37,2.17,0,0,4,,84,,41,3,41,47,2,0
43,0,Jaipur Pink Panthers,2,0,0,0,0,0,0,0,0,Dharmendra Singh,0,0,0,0,0,0,0,0,0,0,0,0,0,0,0,0,0,0,0,0,0,0,0,0,0,0
43,0,Jaipur Pink Panthers,3,0,0,0,0,0,0,0,0,Dharmendra Singh,0,0,0,0,0,0,0,0,0,0,0,0,0,0,0,0,0,0,0,0,0,0,0,0,0,0
43,0,Bengal Warriors,49,0,0,0,0,0,0,0,0,Dharmendra Singh,0,0,0,0,0,0,0,0,0,0,0,0,0,0,0,0,0,0,0,0,0,0,0,0,0,0
46,0,Patna Pirates,1,5,4,1,5,0,0,,7,Gurvinder Singh,61.11,13,13,1.85,4,,1.28,5,18,0,,6,3,0.42,0,0,1,,13,,4,9,4,10,7,0
46,0,Patna Pirates,2,11,5,0,68,0,0,,16,Gurvinder Singh,76.11,49,49,3.06,7,,2.75,37,134,0,,34,5,0.31,1,1,0,,22,,5,44,5,17,32,0
46,0,Patna Pirates,3,4,2,0,8,0,0,,5,Gurvinder Singh,83.33,6,6,1.2,2,,0.8,2,12,0,,2,2,0.4,0,0,0,,5,,2,4,2,3,2,0
46,0,U Mumba,4,1,0,0,9,0,0,,6,Gurvinder Singh,76.47,4,4,0.66,2,,0.66,2,17,0,,4,0,0,0,0,0,,5,,0,4,0,5,4,0
46,0,Bengaluru Bulls,8,7,7,0,19,0,0,,9,Gurvinder Singh,78.37,24,24,2.66,8,,1.88,9,37,0,,10,7,0.77,0,1,0,,20,,7,17,7,13,8,0
46,0,Gujarat Fortunegiants,49,3,0,0,0,0,0,,2,Gurvinder Singh,42.85,4,4,2,2,,2,2,7,0,,3,0,0,0,0,0,,0,,0,4,0,0,4,0
46,0,Bengaluru Bulls,26,0,0,0,0,0,0,0,0,Gurvinder Singh,0,0,0,0,0,0,0,0,0,0,0,0,0,0,0,0,0,0,0,0,0,0,0,0,0,0
481,0,Dabang Delhi K.C.,49,4,8,0,1,0,0,,9,Saeid Ghaffari,100,8,8,0.88,0,,0,0,1,0,,0,8,0.88,0,0,0,,20,,8,0,8,12,0,0
482,0,Telugu Titans,8,4,22,0,6,0,0,,18,Farhad Rahimi Milaghardan,61.11,28,28,1.55,2,,0.33,4,18,0,,5,22,1.22,0,0,0,,54,,22,6,22,32,7,0
482,0,Telugu Titans,26,5,25,4,32,3,1,,22,Farhad Rahimi Milaghardan,81.66,47,47,2.13,6,,1,16,60,0,,17,21,0.95,0,0,4,,69,,25,22,25,48,11,0
482,0,Telugu Titans,49,5,27,0,40,0,0,,18,Farhad Rahimi Milaghardan,84.5,52,52,2.88,3,,1.38,22,71,0,,20,27,1.5,0,0,0,,66,,27,25,27,39,11,0
484,0,Bengal Warriors,49,10,25,2,94,0,1,,19,Mohammad Esmaeil Nabibakhsh,80.54,95,95,5,7,,3.68,63,185,0,,55,23,1.21,1,3,2,,52,,25,70,25,29,36,0
489,0,Gujarat Fortunegiants,8,5,65,2,5,2,2,,24,Abozar Mohajermighani,83.33,66,66,2.75,1,,0.04,0,6,0,,0,63,2.62,0,0,2,,116,,65,1,65,53,1,1
489,0,Telugu Titans,26,6,56,8,26,0,4,,21,Abozar Mohajermighani,100,56,56,2.66,0,,0,0,26,0,,0,48,2.28,0,0,8,,98,,56,0,56,50,0,0
489,0,Telugu Titans,49,5,39,3,4,0,1,,18,Abozar Mohajermighani,66.66,40,40,2.22,1,,0.05,0,6,0,,0,36,2,0,0,3,,87,,39,1,39,51,2,0
509,0,Bengal Warriors,49,1,1,0,1,0,0,,3,Mohammad Taghi Paein Mahali,25,1,1,0.33,0,,0,0,4,0,,0,1,0.33,0,0,0,,4,,1,0,1,3,3,0
515,0,Jaipur Pink Panthers,8,0,0,0,0,0,0,0,0,Dong Gyu Kim,0,0,0,0,0,0,0,0,0,0,0,0,0,0,0,0,0,0,0,0,0,0,0,0,0,0
515,0,Jaipur Pink Panthers,26,0,0,0,0,0,0,0,0,Dong Gyu Kim,0,0,0,0,0,0,0,0,0,0,0,0,0,0,0,0,0,0,0,0,0,0,0,0,0,0
515,0,Jaipur Pink Panthers,49,0,0,0,0,0,0,0,0,Dong Gyu Kim,0,0,0,0,0,0,0,0,0,0,0,0,0,0,0,0,0,0,0,0,0,0,0,0,0,0
519,0,Bengal Warriors,8,1,2,0,0,0,0,,14,Young Chang Ko,0,2,2,0.14,0,,0,0,0,0,,0,2,0.14,0,0,0,,27,,2,0,2,25,0,0
519,0,Jaipur Pink Panthers,26,5,15,4,0,0,1,,13,Young Chang Ko,0,15,15,1.15,0,,0,0,0,0,,0,11,0.84,0,0,4,,34,,15,0,15,23,0,0
519,0,U Mumba,49,4,6,2,0,0,0,,10,Young Chang Ko,0,6,6,0.6,0,,0,0,0,0,,0,4,0.4,0,0,2,,13,,6,0,6,9,0,0
522,0,Tamil Thalaivas,8,5,0,0,24,0,0,,17,Dong Geon Lee,70.58,29,29,1.7,9,,1.7,20,68,0,,24,0,0,0,0,0,,5,,0,29,0,5,20,0
522,0,Gujarat Fortunegiants,26,10,0,0,28,0,0,,11,Dong Geon Lee,76.92,31,31,2.81,10,,2.81,21,65,0,,22,0,0,1,1,0,,1,,0,31,0,1,15,0
522,0,U Mumba,49,6,0,0,11,0,0,,4,Dong Geon Lee,72,10,10,2.5,4,,2.5,6,25,0,,7,0,0,0,0,0,,0,,0,10,0,0,7,0
54,0,U Mumba,1,4,16,0,0,0,0,,9,Jeeva Kumar,0,16,16,1.77,0,,0,0,0,0,,0,16,1.77,0,0,0,,31,,16,0,16,15,0,0
54,0,U Mumba,2,9,38,7,0,1,3,,13,Jeeva Kumar,100,39,39,3,0,,0.07,1,1,0,,1,31,2.38,0,0,7,,58,,38,1,38,27,0,0
54,0,U Mumba,3,4,31,1,0,0,0,,16,Jeeva Kumar,0,31,31,1.93,0,,0,0,0,0,,0,30,1.87,0,0,1,,62,,31,0,31,32,0,0
54,0,U Mumba,4,4,26,2,0,0,0,,14,Jeeva Kumar,0,26,26,1.85,0,,0,0,0,0,,0,24,1.71,0,0,2,,62,,26,0,26,38,0,0
54,0,U.P. Yoddha,8,5,44,7,2,1,1,,22,Jeeva Kumar,100,44,44,2,0,,0,0,2,0,,0,37,1.68,0,0,7,,104,,44,0,44,67,0,0
54,0,U.P. Yoddha,26,5,40,4,1,0,1,,19,Jeeva Kumar,100,40,40,2.1,0,,0,0,1,0,,0,36,1.89,0,0,4,,90,,40,0,40,54,0,0
54,0,Bengal Warriors,49,4,31,1,0,0,0,,18,Jeeva Kumar,0,31,31,1.72,0,,0,0,0,0,,0,30,1.66,0,0,1,,80,,31,0,31,50,0,0
554,0,Gujarat Fortunegiants,49,0,0,0,0,0,0,0,0,Mohammad Shazid Hossain,0,0,0,0,0,0,0,0,0,0,0,0,0,0,0,0,0,0,0,0,0,0,0,0,0,0
567,0,Telugu Titans,8,12,6,1,37,0,0,,16,Mohsen Maghsoudloujafari,75.9,47,47,2.93,10,,2.56,31,83,0,,26,5,0.31,1,2,1,,16,,6,41,6,11,20,0
567,0,Telugu Titans,26,7,27,2,62,2,0,,19,Mohsen Maghsoudloujafari,77.67,56,56,2.94,10,,1.52,19,112,0,,25,25,1.31,0,0,2,,52,,27,29,27,27,25,0
567,0,U.P. Yoddha,49,2,3,1,15,0,0,,11,Mohsen Maghsoudloujafari,65.51,8,8,0.72,3,,0.45,2,29,0,,4,2,0.18,0,0,1,,8,,3,5,3,6,10,0
571,0,Patna Pirates,49,9,7,2,56,0,0,,17,Mohammad Esmaeil Maghsoudlou Mahalli,75.7,38,38,2.23,12,,1.82,19,107,0,,25,5,0.29,0,0,2,,19,,7,31,7,14,26,0
578,0,Haryana Steelers,8,3,1,0,9,0,0,,5,Mayur Shivtarkar,56,6,6,1.2,0,,1,5,25,0,,5,1,0.2,0,0,0,,2,,1,5,1,1,11,0
578,0,Haryana Steelers,26,3,19,0,27,2,0,,18,Mayur Shivtarkar,77.77,23,23,1.27,4,,0.22,0,36,0,,1,19,1.05,0,0,0,,65,,19,4,19,46,8,0
578,0,Bengal Warriors,49,2,4,0,0,1,0,,6,Mayur Shivtarkar,0,4,4,0.66,0,,0,0,0,0,,0,4,0.66,0,0,0,,21,,4,0,4,17,0,0
579,0,Patna Pirates,8,7,71,5,5,4,5,,26,Jaideep,100,71,71,2.73,0,,0,0,5,0,,0,66,2.53,0,0,5,,154,,71,0,71,88,0,0
579,0,Patna Pirates,26,5,58,2,7,4,4,,22,Jaideep,87.5,58,58,2.63,0,,0,0,8,0,,0,56,2.54,0,0,2,,134,,58,0,58,78,1,0
579,0,Patna Pirates,49,7,48,3,0,1,3,,19,Jaideep,0,48,48,2.52,0,,0,0,0,0,,0,45,2.36,0,0,3,,104,,48,0,48,59,0,0
589,0,Puneri Paltan,26,0,0,0,0,0,0,0,0,Lal Mohar Yadav,0,0,0,0,0,0,0,0,0,0,0,0,0,0,0,0,0,0,0,0,0,0,0,0,0,0
589,0,Bengaluru Bulls,49,0,0,0,0,0,0,0,0,Lal Mohar Yadav,0,0,0,0,0,0,0,0,0,0,0,0,0,0,0,0,0,0,0,0,0,0,0,0,0,0
599,0,Jaipur Pink Panthers,26,2,2,0,4,0,0,,6,Lokesh Kaushik,54.54,4,4,0.66,0,,0.33,2,11,0,,2,2,0.33,0,0,0,,3,,2,2,2,1,5,0
599,0,Jaipur Pink Panthers,49,0,0,0,0,0,0,,1,Lokesh Kaushik,0,0,0,0,0,,0,0,2,0,,0,0,0,0,0,0,,0,,0,0,0,0,2,0
613,0,Jaipur Pink Panthers,8,6,16,1,2,0,1,,12,Sunil Siddhgavali,100,16,16,1.33,0,,0,0,2,0,,0,15,1.25,0,0,1,,44,,16,0,16,29,0,0
613,0,Jaipur Pink Panthers,26,8,33,3,9,1,4,,16,Sunil Siddhgavali,86.66,38,38,2.37,0,,0.31,5,15,0,,4,30,1.87,0,0,3,,81,,33,5,33,51,2,0
613,0,Jaipur Pink Panthers,49,2,9,3,2,1,0,,14,Sunil Siddhgavali,100,9,9,0.64,0,,0,0,2,0,,0,6,0.42,0,0,3,,45,,9,0,9,39,0,0
621,0,Bengal Warriors,26,5,27,3,0,2,1,,18,Baldev Singh,0,28,28,1.55,1,,0.05,0,1,0,,0,24,1.33,0,0,3,,70,,27,1,27,46,1,0
621,0,Bengal Warriors,49,7,56,5,4,0,6,,19,Baldev Singh,80,56,56,2.94,0,,0,0,5,0,,0,51,2.68,0,0,5,,100,,56,0,56,49,1,0
637,0,Haryana Steelers,8,4,13,1,0,1,0,,17,Neeraj Kumar,0,13,13,0.76,0,,0,0,1,0,,0,12,0.7,0,0,1,,49,,13,0,13,37,1,0
637,0,Patna Pirates,49,11,51,4,3,2,3,,19,Neeraj Kumar,75,51,51,2.68,0,,0,0,4,0,,0,47,2.47,0,0,4,,108,,51,0,51,61,1,0
647,0,U.P. Yoddha,8,2,0,0,0,0,0,,4,Gulveer Singh,12.5,3,3,0.75,1,,0.75,2,8,0,,1,0,0,0,0,0,,1,,0,3,0,1,7,0
647,0,U.P. Yoddha,26,0,0,0,0,0,0,0,0,Gulveer Singh,0,0,0,0,0,0,0,0,0,0,0,0,0,0,0,0,0,0,0,0,0,0,0,0,0,0
647,0,U.P. Yoddha,49,0,0,0,0,0,0,0,0,Gulveer Singh,0,0,0,0,0,0,0,0,0,0,0,0,0,0,0,0,0,0,0,0,0,0,0,0,0,0
655,0,Dabang Delhi K.C.,49,0,0,0,0,0,0,0,0,Mohit,0,0,0,0,0,0,0,0,0,0,0,0,0,0,0,0,0,0,0,0,0,0,0,0,0,0
665,0,U.P. Yoddha,8,3,16,0,3,1,0,,13,Pankaj,50,16,16,1.23,0,,0,0,6,0,,0,16,1.23,0,0,0,,49,,16,0,16,33,3,0
665,0,U.P. Yoddha,26,1,1,0,0,0,0,,1,Pankaj,0,1,1,1,0,,0,0,0,0,,0,1,1,0,0,0,,3,,1,0,1,2,0,0
665,0,Gujarat Fortunegiants,49,6,21,0,1,0,1,,9,Pankaj,100,21,21,2.33,0,,0,0,1,0,,0,21,2.33,0,0,0,,44,,21,0,21,23,0,0
676,0,Jaipur Pink Panthers,8,3,15,0,0,0,0,,10,Santhapanaselvam,0,15,15,1.5,0,,0,0,0,0,,0,15,1.5,0,0,0,,31,,15,0,15,16,0,0
676,0,Jaipur Pink Panthers,26,3,14,2,1,1,0,,14,Santhapanaselvam,100,14,14,1,0,,0,0,1,0,,0,12,0.85,0,0,2,,46,,14,0,14,34,0,0
676,0,Jaipur Pink Panthers,49,4,14,1,0,0,0,,8,Santhapanaselvam,0,14,14,1.75,0,,0,0,0,0,,0,13,1.62,0,0,1,,28,,14,0,14,15,0,0
684,0,Telugu Titans,49,7,9,3,30,0,0,,9,Rakesh Gowda,83.33,31,31,3.44,11,,2.44,11,60,0,,20,6,0.66,0,0,3,,18,,9,22,9,12,10,0
686,0,Gujarat Fortunegiants,8,9,3,0,92,1,0,,19,Rohit Gulia,78.12,38,38,2,3,,1.84,32,160,0,,33,3,0.15,0,0,0,,20,,3,35,3,17,35,0
686,0,Gujarat Fortunegiants,26,9,3,0,70,3,0,,19,Rohit Gulia,77.63,61,61,3.21,18,,3.05,40,152,0,,48,3,0.15,0,2,0,,19,,3,58,3,16,34,0
686,0,Gujarat Fortunegiants,49,13,9,1,113,0,0,,20,Rohit Gulia,73.23,127,127,6.35,30,,5.9,88,284,0,,95,8,0.4,4,1,1,,23,,9,118,9,15,76,0
69,0,Bengaluru Bulls,1,14,51,0,74,3,3,,16,Manjeet Chhillar,71.75,122,122,7.62,11,,4.43,60,177,0,,53,51,3.18,2,2,0,,84,,51,71,51,33,50,0
69,0,Bengaluru Bulls,2,11,40,1,125,8,3,,16,Manjeet Chhillar,85.25,107,107,6.68,9,,4.18,58,217,0,,60,39,2.43,0,0,1,,78,,40,67,40,39,32,0
69,0,Puneri Paltan,3,13,61,5,120,1,5,,15,Manjeet Chhillar,91.81,106,106,7.06,4,,3,41,171,0,,37,56,3.73,0,2,5,,99,,61,45,61,43,14,2
69,0,Puneri Paltan,4,11,44,1,38,4,5,,12,Manjeet Chhillar,75.32,68,68,5.66,2,,2,22,77,0,,20,43,3.58,0,1,1,,73,,44,24,44,30,19,0
69,0,Jaipur Pink Panthers,8,9,47,1,16,5,3,,15,Manjeet Chhillar,68.96,52,52,3.46,1,,0.33,4,29,0,,4,46,3.06,0,0,1,,85,,47,5,47,39,9,0
69,0,Tamil Thalaivas,26,8,59,5,18,6,2,,19,Manjeet Chhillar,79.31,67,67,3.52,4,,0.42,4,29,0,,5,54,2.84,0,0,5,,121,,59,8,59,67,6,2
69,0,Tamil Thalaivas,49,6,37,2,13,1,2,,15,Manjeet Chhillar,68.42,41,41,2.73,4,,0.26,0,19,0,,0,35,2.33,0,0,2,,81,,37,4,37,46,6,0
694,0,U Mumba,8,4,8,1,1,0,0,,4,Deepak Yadav,50,8,8,2,0,,0,0,2,0,,0,7,1.75,0,0,1,,19,,8,0,8,12,1,0
694,0,Puneri Paltan,49,0,0,0,0,0,0,,3,Deepak Yadav,0,0,0,0,0,,0,0,0,0,,0,0,0,0,0,0,,5,,0,0,0,5,0,0
694,0,U Mumba,26,0,0,0,0,0,0,0,0,Deepak Yadav,0,0,0,0,0,0,0,0,0,0,0,0,0,0,0,0,0,0,0,0,0,0,0,0,0,0
71,0,U Mumba,1,8,35,5,0,0,2,,16,Mohit Chhillar,100,36,36,2.25,0,,0.06,1,1,0,,1,30,1.87,0,0,5,,89,,35,1,35,59,0,0
71,0,U Mumba,2,5,42,3,5,4,3,,14,Mohit Chhillar,100,42,42,3,0,,0,0,5,0,,0,39,2.78,0,0,3,,72,,42,0,42,33,0,0
71,0,U Mumba,3,6,46,2,3,1,6,,13,Mohit Chhillar,100,46,46,3.53,0,,0,0,3,0,,0,44,3.38,0,0,2,,74,,46,0,46,30,0,1
71,0,Bengaluru Bulls,4,8,47,3,6,1,4,,14,Mohit Chhillar,87.5,50,50,3.57,2,,0.21,1,8,0,,1,44,3.14,0,0,3,,87,,47,3,47,43,1,0
71,0,Haryana Steelers,8,7,39,4,7,1,2,,20,Mohit Chhillar,88.88,42,42,2.1,1,,0.15,2,9,0,,1,35,1.75,0,0,4,,83,,39,3,39,48,1,0
71,0,Jaipur Pink Panthers,26,4,31,3,3,1,0,,14,Mohit Chhillar,75,31,31,2.21,0,,0,0,4,0,,0,28,2,0,0,3,,69,,31,0,31,41,1,0
71,0,Tamil Thalaivas,49,5,37,3,2,3,1,,18,Mohit Chhillar,100,37,37,2.05,0,,0,0,2,0,,0,34,1.88,0,0,3,,81,,37,0,37,47,0,0
718,0,Dabang Delhi K.C.,8,7,1,0,27,0,0,,11,R. Sriram,70.88,36,36,3.27,5,,3.18,30,79,0,,29,1,0.09,0,0,0,,7,,1,35,1,6,23,0
718,0,U Mumba,26,0,0,0,0,0,0,,3,R. Sriram,0,0,0,0,0,,0,0,4,0,,0,0,0,0,0,0,,0,,0,0,0,0,4,0
718,0,Puneri Paltan,49,0,0,0,4,0,0,,1,R. Sriram,66.66,0,0,0,0,,0,0,6,0,,0,0,0,0,0,0,,1,,0,0,0,1,2,0
725,0,U.P. Yoddha,8,5,47,1,2,1,4,,19,Nitesh Kumar,100,47,47,2.47,0,,0,0,2,0,,0,46,2.42,0,0,1,,91,,47,0,47,45,0,0
725,0,U.P. Yoddha,26,8,100,8,6,2,8,,25,Nitesh Kumar,85.71,101,101,4.04,1,,0.04,0,7,0,,0,92,3.68,0,0,8,,154,,100,1,100,62,1,0
725,0,U.P. Yoddha,49,7,50,6,0,1,3,,18,Nitesh Kumar,0,51,51,2.83,1,,0.05,0,2,0,,0,44,2.44,0,0,6,,85,,50,1,50,41,2,0
731,0,Puneri Paltan,26,4,3,1,2,0,0,,5,Sandeep,66.66,10,10,2,3,,1.4,4,9,0,,4,2,0.4,0,0,1,,13,,3,7,3,11,3,0
731,0,Puneri Paltan,49,2,2,0,0,0,0,,1,Sandeep,0,2,2,2,0,,0,0,1,0,,0,2,2,0,0,0,,6,,2,0,2,4,1,0
732,0,Haryana Steelers,8,6,7,1,0,0,1,,5,Kuldeep Singh,0,8,8,1.6,1,,0.2,0,1,0,,0,6,1.2,0,0,1,,12,,7,1,7,6,1,0
732,0,Haryana Steelers,26,6,49,4,2,3,2,,22,Kuldeep Singh,100,49,49,2.22,0,,0,0,2,0,,0,45,2.04,0,0,4,,105,,49,0,49,60,0,0
732,0,Haryana Steelers,49,3,8,0,0,0,0,,9,Kuldeep Singh,0,8,8,0.88,0,,0,0,0,0,,0,8,0.88,0,0,0,,28,,8,0,8,20,0,0
733,0,U Mumba,8,6,58,0,3,0,3,,22,Surinder Singh,100,58,58,2.63,0,,0,0,3,0,,0,58,2.63,0,0,0,,152,,58,0,58,94,0,0
733,0,U Mumba,26,7,62,3,3,0,2,,22,Surinder Singh,100,62,62,2.81,0,,0,0,3,0,,0,59,2.68,0,0,3,,127,,62,0,62,68,0,0
733,0,U Mumba,49,9,45,2,4,0,2,,18,Surinder Singh,71.42,49,49,2.72,0,,0.22,4,7,0,,1,43,2.38,0,1,2,,101,,45,4,45,58,2,0
735,0,Dabang Delhi K.C.,8,7,9,3,3,0,1,,5,Vishal,57.14,11,11,2.2,1,,0.4,1,7,0,,1,6,1.2,0,0,3,,23,,9,2,9,17,3,0
735,0,Dabang Delhi K.C.,26,3,9,2,5,0,0,,6,Vishal,100,10,10,1.66,0,,0.16,1,6,0,,1,7,1.16,0,0,2,,26,,9,1,9,19,0,0
735,0,Jaipur Pink Panthers,49,9,41,7,1,1,1,,14,Vishal,100,41,41,2.92,0,,0,0,1,0,,0,34,2.42,0,0,7,,74,,41,0,41,40,0,0
745,0,Patna Pirates,8,7,37,3,56,0,1,,19,Vijay,89.15,64,64,3.36,10,,1.42,17,83,0,,18,34,1.78,0,1,3,,83,,37,27,37,49,9,1
745,0,Patna Pirates,26,8,13,1,40,0,0,,21,Vijay,81.08,73,73,3.47,27,,2.85,33,111,0,,50,12,0.57,0,0,1,,44,,13,60,13,32,21,0
745,0,Dabang Delhi K.C.,49,13,11,0,35,0,0,,18,Vijay,84.21,49,49,2.72,11,,2.11,27,76,0,,29,11,0.61,1,2,0,,38,,11,38,11,27,12,0
757,0,Gujarat Fortunegiants,8,14,14,1,92,3,0,,24,Sachin Tanwar,75.93,173,173,7.2,25,,6.62,134,295,0,,132,13,0.54,7,2,1,,25,,14,159,14,12,71,0
757,0,Gujarat Fortunegiants,26,12,14,2,127,0,0,,23,Sachin Tanwar,78.14,204,204,8.86,31,,8.26,159,366,0,,159,12,0.52,7,1,2,,22,,14,190,14,10,80,0
757,0,Gujarat Fortunegiants,49,10,1,0,85,0,0,,16,Sachin Tanwar,72.46,85,85,5.31,13,,5.25,71,207,0,,65,1,0.06,2,1,0,,8,,1,84,1,7,57,0
763,0,Patna Pirates,26,10,15,1,61,0,0,,22,Manjeet,72.48,102,102,4.63,10,,3.95,77,189,0,,76,14,0.63,2,3,1,,38,,15,87,15,24,52,0
763,0,Puneri Paltan,49,16,27,1,98,0,0,,20,Manjeet,76.34,131,131,6.55,25,,5.2,79,241,0,,86,26,1.3,2,2,1,,57,,27,104,27,31,57,0
764,0,Patna Pirates,8,8,14,5,34,1,0,,21,Vinod Kumar,72,48,48,2.28,13,,1.61,21,75,0,,20,9,0.42,0,2,5,,21,,14,34,14,12,21,0
764,0,U Mumba,26,7,29,4,42,1,2,,17,Vinod Kumar,83.82,51,51,3,10,,1.29,12,68,0,,15,25,1.47,0,0,4,,43,,29,22,29,18,11,0
764,0,Gujarat Fortunegiants,49,3,4,0,12,0,0,,9,Vinod Kumar,72,10,10,1.11,1,,0.66,5,25,0,,6,4,0.44,0,0,0,,9,,4,6,4,5,7,0
768,0,Tamil Thalaivas,8,3,5,2,2,1,0,,8,Vijay Kumar,66.66,6,6,0.75,1,,0.12,0,3,0,,0,3,0.37,0,0,2,,12,,5,1,5,9,1,0
768,0,Patna Pirates,26,2,1,0,1,0,0,,4,Vijay Kumar,100,3,3,0.75,0,,0.5,2,2,0,,1,1,0.25,0,0,0,,11,,1,2,1,10,0,0
768,0,Bengaluru Bulls,49,3,5,1,4,0,0,,9,Vijay Kumar,100,5,5,0.55,0,,0,0,4,0,,0,4,0.44,0,0,1,,16,,5,0,5,12,0,0
769,0,Bengaluru Bulls,8,10,57,5,1,2,3,,22,Mahender Singh,100,58,58,2.63,1,,0.04,0,2,0,,1,52,2.36,0,0,5,,113,,57,1,57,61,0,0
769,0,Bengaluru Bulls,26,6,63,1,8,5,6,,24,Mahender Singh,80,63,63,2.62,0,,0,0,10,0,,0,62,2.58,0,0,1,,122,,63,0,63,60,2,0
769,0,Bengaluru Bulls,49,7,46,7,8,1,3,,16,Mahender Singh,100,46,46,2.87,0,,0,0,8,0,,0,39,2.43,0,0,7,,90,,46,0,46,51,0,0
772,0,Puneri Paltan,8,6,2,0,17,0,0,,6,More GB,66.66,16,16,2.66,4,,2.33,10,45,0,,13,2,0.33,0,0,0,,3,,2,14,2,1,15,0
772,0,Puneri Paltan,26,13,12,2,63,0,0,,22,More GB,71.51,91,91,4.13,34,,3.59,45,172,0,,60,10,0.45,2,1,2,,21,,12,79,12,11,49,0
772,0,Gujarat Fortunegiants,49,9,21,1,71,0,0,,17,More GB,75.71,64,64,3.76,13,,2.52,30,140,0,,35,20,1.17,0,0,1,,34,,21,43,21,14,34,0
778,0,U.P. Yoddha,26,5,42,5,0,0,2,,25,Narender,0,42,42,1.68,0,,0,0,0,0,,0,37,1.48,0,0,5,,119,,42,0,42,82,0,0
778,0,U.P. Yoddha,49,0,0,0,0,0,0,,3,Narender,0,0,0,0,0,,0,0,0,0,,0,0,0,0,0,0,,7,,0,0,0,7,0,0
784,0,Dabang Delhi K.C.,8,2,16,0,0,0,0,,19,Viraj Vishnu Landge,0,16,16,0.84,0,,0,0,0,0,,0,16,0.84,0,0,0,,52,,16,0,16,36,0,0
784,0,Dabang Delhi K.C.,26,2,6,0,0,1,0,,7,Viraj Vishnu Landge,0,6,6,0.85,0,,0,0,0,0,,0,6,0.85,0,0,0,,29,,6,0,6,23,0,0
784,0,Bengal Warriors,49,3,7,0,0,1,0,,8,Viraj Vishnu Landge,0,7,7,0.87,0,,0,0,0,0,,0,7,0.87,0,0,0,,31,,7,0,7,24,0,0
791,0,Jaipur Pink Panthers,8,14,20,1,71,1,0,,21,Nitin Rawal,81.08,85,85,4.04,10,,3.09,55,148,0,,49,19,0.9,2,4,1,,52,,20,65,20,33,28,0
791,0,Jaipur Pink Panthers,26,11,6,1,26,3,0,,9,Nitin Rawal,78.94,31,31,3.44,5,,2.77,20,57,0,,19,5,0.55,0,1,1,,11,,6,25,6,6,12,0
791,0,Jaipur Pink Panthers,49,8,19,4,49,1,1,,15,Nitin Rawal,75,51,51,3.4,13,,2.13,19,96,0,,23,15,1,0,1,4,,32,,19,32,19,17,24,0
793,0,Gujarat Fortunegiants,26,2,2,1,0,0,0,,6,Amit Kharb,0,2,2,0.33,0,,0,0,0,0,,0,1,0.16,0,0,1,,8,,2,0,2,7,0,0
793,0,Gujarat Fortunegiants,49,2,3,1,0,0,0,,5,Amit Kharb,0,3,3,0.6,0,,0,0,0,0,,0,2,0.4,0,0,1,,8,,3,0,3,6,0,0
793,0,Gujarat Fortunegiants,8,0,0,0,0,0,0,0,0,Amit Kharb,0,0,0,0,0,0,0,0,0,0,0,0,0,0,0,0,0,0,0,0,0,0,0,0,0,0
794,0,Bengaluru Bulls,8,0,0,0,0,0,0,,4,Amit Sheoran,0,0,0,0,0,,0,0,0,0,,0,0,0,0,0,0,,6,,0,0,0,6,0,0
794,0,Bengaluru Bulls,26,5,38,2,0,1,2,,15,Amit Sheoran,0,38,38,2.53,0,,0,0,0,0,,0,36,2.4,0,0,2,,71,,38,0,38,35,0,0
794,0,Bengaluru Bulls,49,6,43,3,0,1,3,,19,Amit Sheoran,0,43,43,2.26,0,,0,0,1,0,,0,40,2.1,0,0,3,,83,,43,0,43,43,1,0
795,0,Puneri Paltan,8,6,30,1,46,0,1,,19,Monu,79.22,49,49,2.57,2,,1,17,77,0,,15,29,1.52,0,1,1,,54,,30,19,30,25,16,0
795,0,Puneri Paltan,26,7,12,2,49,1,0,,14,Monu,70.16,57,57,4.07,8,,3.21,37,124,0,,38,10,0.71,0,1,2,,23,,12,45,12,13,37,0
795,0,Patna Pirates,49,5,25,7,41,0,0,,19,Monu,79.36,36,36,1.89,2,,0.57,9,63,0,,9,18,0.94,0,0,7,,42,,25,11,25,24,13,0
796,0,Puneri Paltan,8,7,21,4,7,1,1,,13,Rinku Narwal,100,22,22,1.69,0,,0.07,1,8,0,,1,17,1.3,0,0,4,,34,,21,1,21,17,0,0
796,0,Puneri Paltan,26,5,20,1,4,0,0,,15,Rinku Narwal,71.42,21,21,1.4,1,,0.06,0,7,0,,1,19,1.26,0,0,1,,51,,20,1,20,32,2,0
796,0,Bengal Warriors,49,5,51,2,3,0,3,,19,Rinku Narwal,100,51,51,2.68,0,,0,0,3,0,,0,49,2.57,0,0,2,,108,,51,0,51,59,0,0
81,0,Telugu Titans,1,23,10,1,76,2,0,,14,Rahul Chaudhari,82.15,161,161,11.5,18,,10.78,133,241,0,,122,9,0.64,8,2,1,,31,,10,151,10,22,43,0
81,0,Telugu Titans,2,14,9,0,77,3,0,,14,Rahul Chaudhari,83.06,107,107,7.64,7,,7,91,183,0,,75,9,0.64,5,6,0,,34,,9,98,9,25,31,0
81,0,Telugu Titans,3,17,12,2,89,1,0,,13,Rahul Chaudhari,79.8,99,99,7.61,11,,6.69,76,208,0,,77,10,0.76,4,1,2,,29,,12,87,12,19,42,1
81,0,Telugu Titans,4,18,4,1,170,0,0,,16,Rahul Chaudhari,86.15,150,150,9.37,18,,9.12,128,325,0,,110,3,0.18,7,6,1,,11,,4,146,4,8,45,0
81,0,Telugu Titans,8,17,9,0,175,1,0,,22,Rahul Chaudhari,81.06,193,193,8.77,31,,8.36,153,412,0,,159,9,0.4,8,5,0,,33,,9,184,9,24,78,0
81,0,Telugu Titans,26,18,7,1,127,2,0,,21,Rahul Chaudhari,75.14,166,166,7.9,38,,7.57,121,350,0,,136,6,0.28,4,4,1,,19,,7,159,7,13,87,0
81,0,Tamil Thalaivas,49,14,8,0,103,1,0,,19,Rahul Chaudhari,72.62,125,125,6.57,29,,6.15,88,274,0,,96,8,0.42,4,0,0,,28,,8,117,8,20,75,0
84,0,Telugu Titans,1,4,19,1,0,4,0,,14,Rajaguru Subramanian,0,19,19,1.35,0,,0,0,0,0,,0,18,1.28,0,0,1,,55,,19,0,19,37,0,0
84,0,Telugu Titans,2,3,17,2,1,2,0,,12,Rajaguru Subramanian,50,18,18,1.5,1,,0.08,0,2,0,,0,15,1.25,0,0,2,,42,,17,1,17,27,1,0
84,0,Dabang Delhi K.C.,3,2,6,0,3,2,0,,7,Rajaguru Subramanian,100,6,6,0.85,0,,0,0,3,0,,0,6,0.85,0,0,0,,22,,6,0,6,16,0,0
84,0,U Mumba,26,2,10,0,0,1,0,,8,Rajaguru Subramanian,0,10,10,1.25,0,,0,0,0,0,,0,10,1.25,0,0,0,,21,,10,0,10,11,0,0
84,0,U Mumba,49,2,2,0,2,0,0,,5,Rajaguru Subramanian,100,2,2,0.4,0,,0,0,2,0,,0,2,0.4,0,0,0,,6,,2,0,2,4,0,0
87,0,Jaipur Pink Panthers,1,2,2,0,0,0,0,,5,Raju Lal Choudhary,0,2,2,0.4,0,,0,0,0,0,,0,2,0.4,0,0,0,,12,,2,0,2,10,0,0
87,0,Jaipur Pink Panthers,3,1,1,0,0,0,0,,1,Raju Lal Choudhary,0,1,1,1,0,,0,0,0,0,,0,1,1,0,0,0,,3,,1,0,1,2,0,0
87,0,Bengaluru Bulls,26,3,20,0,0,1,0,,16,Raju Lal Choudhary,0,20,20,1.25,0,,0,0,0,0,,0,20,1.25,0,0,0,,55,,20,0,20,35,0,0
87,0,Bengaluru Bulls,49,0,0,0,0,0,0,,1,Raju Lal Choudhary,0,0,0,0,0,,0,0,0,0,,0,0,0,0,0,0,,0,,0,0,0,0,0,0
87,0,Jaipur Pink Panthers,2,0,0,0,0,0,0,0,0,Raju Lal Choudhary,0,0,0,0,0,0,0,0,0,0,0,0,0,0,0,0,0,0,0,0,0,0,0,0,0,0
87,0,Haryana Steelers,8,0,0,0,0,0,0,0,0,Raju Lal Choudhary,0,0,0,0,0,0,0,0,0,0,0,0,0,0,0,0,0,0,0,0,0,0,0,0,0,0
94,0,U Mumba,1,9,13,0,35,0,0,,16,Rishank Devadiga,65.57,77,77,4.81,16,,4,48,122,0,,45,13,0.81,0,2,0,,34,,13,64,13,21,42,0
94,0,U Mumba,2,8,14,0,45,2,0,,13,Rishank Devadiga,67.5,58,58,4.46,8,,3.38,36,120,0,,36,14,1.07,0,0,0,,26,,14,44,14,12,39,0
94,0,U Mumba,3,14,9,1,51,0,0,,16,Rishank Devadiga,74.45,115,115,7.18,19,,6.62,87,184,0,,86,8,0.5,2,4,1,,22,,9,106,9,14,47,1
94,0,U Mumba,4,11,0,0,42,0,0,,14,Rishank Devadiga,70.21,70,70,5,18,,5,52,141,0,,57,0,0,2,2,0,,17,,0,70,0,17,42,0
94,0,U.P. Yoddha,8,28,5,1,105,5,0,,21,Rishank Devadiga,75.73,170,170,8.09,25,,7.85,140,305,0,,126,4,0.19,5,12,1,,16,,5,165,5,12,74,0
94,0,U.P. Yoddha,26,10,4,0,127,4,0,,23,Rishank Devadiga,79.77,104,104,4.52,28,,4.34,72,262,0,,82,4,0.17,1,3,0,,19,,4,100,4,15,53,0
94,0,U.P. Yoddha,49,9,1,0,74,1,0,,14,Rishank Devadiga,84.49,47,47,3.35,15,,3.28,31,129,0,,35,1,0.07,0,2,0,,8,,1,46,1,7,20,0
